{"data": [{"id": "1349557317453422596", "text": "@petrogustavo Se\u00f1or @petrogustavo le pido el favor que no use el nombre de mi abuelo para ese tipo de declaraciones!"}, {"id": "1349557312881569792", "text": "@GustavoBolivar @MinSaludCol @IvanDuque BOBOLIVAR.....CADA VEZ SOS MAS.EST\u00daPIDO..... NO DEJ\u00c1S DE HACER https://t.co/uEZhmS8hXN UN MINUTO...PAYASO"}, {"id": "1349557308452438016", "text": "@petrogustavo Por que no le dejaron la negociaci\u00f3n de las vacunas a Petro, el tiene experiencia y sabe de esos negocios. https://t.co/6oRN8uTPSA"}, {"id": "1349557303620620288", "text": "@RevistaSemana @JERobledo Esta loco, solo piensa en su candidatura y los show que puede hacer para ganar popularidad"}, {"id": "1349557293197783040", "text": "Andr\u00e9s Felipe Arias es un criminal. Rob\u00f3 tierras y dinero que iba \"destinado\" al campesinado. Ahora la gran @FiscaliaCol decide perseguir tuiteros y no a su amigo @IvanDuque por \u00f1e\u00f1epol\u00edtica."}, {"id": "1349557292161781762", "text": "@RevistaSemana Jajaja acuerdos de confidencialidad para que no se revele el circo mundial detras de este macronegocio, bien por @JERobledo que no permite que el pueblo trague entero!!\ud83d\udc4f\ud83d\udc4f"}, {"id": "1349557279218085889", "text": "@jotagr40 @ElLoco39928776 @Andresfed @eldjtata @ezkizoide @ElTioChilango @userblinds @mlpantoja11 @JohanDMarino @DylanRo92 @AmericaAPP @JulianJaraUribe @PaoHerreraC @IvanDuque 800USD no es Plata para estar aliviados"}, {"id": "1349557272675020801", "text": "@Sergio_FARC @IvanDuque @millersoto H\u00e1gase el marica, tira la piedra y esconde la mano, ustedes sin fusil y si la gavilla que eran en el monte son un poco de cobardes"}, {"id": "1349557270410113026", "text": "@DanielSamperO @fcarrilloflorez Uno mas del monton , le quedo grande el puesto.  Lanzando globos y  armando circo."}, {"id": "1349557263070072833", "text": "@EpicuroDeSamos_ @IvanDuque TOTAL APOYO A LOS TUITEROS QUE DICEN LA VERDAD NO LOS DEJEMOS SOLOS."}, {"id": "1349557253897117696", "text": "@msilvaazul @DanielSamperO La Empanadita de Calixto Ochoa."}, {"id": "1349557241997889538", "text": "@AlvaroUribeVel A qui\u00e9n le rezamos? A la virgen de los sicarios..."}, {"id": "1349557217855467526", "text": "Urgente y necesaria la audiencia p\u00fablica y debate de control al ministro de salud. Queremos saber la verdad sobre la vacuna.\nEl Senador @JERobledo hace bien en exigir claridad y celeridad. \ud83d\udc68\u200d\u2695\ufe0f https://t.co/3BVEPidbS8"}, {"id": "1349557201183141888", "text": "@msilvaazul @DanielSamperO esa pierna de cerdo tan Rica q tu cosinas"}, {"id": "1349557201162137606", "text": "@IvanDuque Pura mierd habla nuestro gran presidente pufff"}, {"id": "1349557198482001920", "text": "@UldaricoChilito A @AlvaroUribeVel no le da pena andar pidiendo subsidios? Que pena"}, {"id": "1349557187681673216", "text": "No estamos gobernados por un cerdo, sino por un burro!\nEste tipo definitivamente cada d\u00eda se supera en su estupidez... y a\u00fan hay gente que le cree y lo defiende\n\n#ElPeorPresidenteDeLaHistoria\n#ElPeorGobiernoDeLaHistoria\n#VacunaPaCuando\n#VacunaYa\n#ColombiaSinVacuna https://t.co/vpugc0rQ34"}, {"id": "1349557166680793090", "text": "@AlvaroUribeVel Cual carajo conchudos"}, {"id": "1349557154907369476", "text": "@cardenasjorgee @IvanDuque @PartidoFARC \u00bfCu\u00e1les vacunas? \u00bfLas que llegaban en enero? \u00bfLas que ahora prometi\u00f3 para febrero? O \u00bfLas que vaya a saber si llegaran entre marzo o abril? Aunque usted que va a saber de eso, si lo \u00fanico que sabe es ser un sapo mantenido."}, {"id": "1349557152755699717", "text": "@AlvaroUribeVel El mal pidiendo votar en contra del mal"}, {"id": "1349557150306201605", "text": "Gobierno Nacional, el @Mineducacion y @MinHacienda incumplen los acuerdos con los maestros. @IvanDuque @VictoriaBxE #DuqueHonreAcuerdos #FirmeDecretoCursos @fecode"}, {"id": "1349557122967740416", "text": "@cielo_rusinque @LuisFFranco @IvanDuque No est\u00e1 el Reo Condenado en la C\u00e1rcel?\nClaro que no!!!!\nSi nunca ha ESTADO."}, {"id": "1349557117603213312", "text": "\u00bfCu\u00e1nto le pagaron a la OPS?\n\u00bfNo les da pena?\n\u00bfLo destacan por lo tard\u00edo?\n\u00bfCu\u00e1les VACUNAS?\n\u00bfNo se cansan de MENTIR?\n\nMALDITA SEA!! https://t.co/f5TW47RUq4"}, {"id": "1349557105414569987", "text": "@angelamrobledo @IvanDuque Si\u00e9ntese por un minuto en el escritorio del presidente Duque para que entienda. Responsabilizar a presidente por las muertes de una pandemia, no solo es una irresponsabilidad pol\u00edtica, sino una vellaquer\u00eda \n@SacudeteCol"}, {"id": "1349557077971230720", "text": "@AlvaroUribeVel Sr Uribe por qu\u00e9 diez millones nada m\u00e1s y el resto se acab\u00f3 el dinero se efumo y ahora quieren que se la regalen lo que falta  y su precidente se molesta por qu\u00e9 le est\u00e1n diciendo que diga cu\u00e1nto se han gastado en las vacunas y dice que es Recerva del sumario huele mal mal"}, {"id": "1349557066587906049", "text": "@ElUniversalCtg Por falta de pantal\u00f3n nos va a encerrar otra ves no aguantamos otro cierre @daulaw @IvanDuque nojoda el poco de gente extranjera sin tapa boca en boca grande y mamando ron como si nada como ustedes tienen su vida asegura no se preocupa pero yo y miles de col que viv\u00ed del diario"}, {"id": "1349557065866489858", "text": "@DivisionDeAriza @DanielSamperO Por estas bobadas es que no dejo twitter \ud83e\udd23\ud83e\udd23\ud83e\udd23\ud83e\udd23"}, {"id": "1349557062439727104", "text": "Gobierno Nacional, el @Mineducacion y @MinHacienda incumplen los acuerdos con los maestros. @IvanDuque @VictoriaBxE #DuqueHonreAcuerdos #FirmeDecretoCursos @fecode,,,"}, {"id": "1349557051576475653", "text": "@ghitis El extremista eres t\u00fa! @petrogustavo @ColombiaHumana_ @PoloDemocratico @UP_Colombia @ListaDecentes jajajajajajajajaja"}, {"id": "1349557049265422337", "text": "No es broma; so\u00f1\u00e9 \ud83d\ude34\ud83d\udca4 que el presidente d #Colombia \ud83c\udde8\ud83c\uddf4, @IvanDuque, se enfrentaba a una insurrecci\u00f3n x parte del pueblo colombiano, que este protestaba y se revelaba contra el gobierno, exigiendo su renuncia.\n\nAunque solo fue un sue\u00f1o nada +.#NadaSobra"}, {"id": "1349557047713525770", "text": "@GersonEF81 @elduquech @RuGar_V @GustavoDelaRoca @AlvaroUribeVel Normalicemos decir que toda derecha es:\n- retr\u00f3grada \n- fascista\n- corrupta\n- asesina.\nEs la verdad y ya no se puede tapar.\nNo hay excusas no hay peros que valgan. Las derechas s\u00f3lo se han mantenido en el poder a base de fraudes y muertes.\nUna democracia de cart\u00f3n!"}, {"id": "1349557041078165506", "text": "@DivisionDeAriza @DanielSamperO De Duque para Polombia \u263a\ufe0f"}, {"id": "1349557037785640966", "text": "@petrogustavo Creo que petro , es falso, decir verdad ser\u00eda decir desde. Cuando la guerrrilla permit\u00eda a los pol\u00edticos ir a los campos a hacer pol\u00edtica , cuanto com\u00edan la guerrilla por extorsion en cada obra del pa\u00eds ,"}, {"id": "1349557036556627972", "text": "@IvanDuque @MinSaludCol @MinInterior Y las vacunas que?\n\nDe que me hablas viejo"}, {"id": "1349557028189057024", "text": "@alejocalalomas @petrogustavo Dr la Sputnik V apenas han aplicado 130 mil de 300 mil dosis. Bastante masiva la vacunacion para un pais de 46'. Esperemos quien vacuna primero a su ciudadano #30'. Esto no es como empieza sino como termina"}, {"id": "1349557024665849860", "text": "Gobierno Nacional, el @Mineducacion y @MinHacienda incumplen los acuerdos con los maestros. @IvanDuque @VictoriaBxE #DuqueHonreAcuerdos #FirmeDecretoCursos @fecode,,"}, {"id": "1349557011432820736", "text": "@IvanDuque Lo va hacer para arreglar todas las cagadas  as\u00ed no es de f\u00e1cil como lo pintan usted se\u00f1or Duque su partido @CeDemocratico  se van undir y ustedes tienen que pagar por todo lo malo que hizo a Colombia."}, {"id": "1349557008933007360", "text": "@intiasprilla @IvanDuque Hdp ciza\u00f1ero!!"}, {"id": "1349556989815353345", "text": "@DivisionDeAriza @DanielSamperO Jajajajajajajajaja"}, {"id": "1349556986669629442", "text": "Gobierno Nacional, el @Mineducacion y @MinHacienda incumplen los acuerdos con los maestros. @IvanDuque @VictoriaBxE #DuqueHonreAcuerdos #FirmeDecretoCursos @fecode ,"}, {"id": "1349556960144842752", "text": "@CancinoAbog @petrogustavo @PartidoFARC @AlejandroChar Este petardo nunca se cansa de hablar mierda!!! https://t.co/OslrNHSQQY"}, {"id": "1349556951856852993", "text": "HASTA CUANDO VAMOS A PERMITIR QUE ESTOS TERRORISTAS HAGAN LOS QUE LE DA LA GANA?. COMO UTILIZAN UNOS MEDIOS DE COMUNICACI\u00d3N SERIOS PARA DIFUNDIR SUS MENSAJES TERRORISTAS ? https://t.co/Tf8JVEBsOJ"}, {"id": "1349556934903549955", "text": "Tu rechazo legitima las masacres, cabr\u00f3n https://t.co/VkGbJlRqPI"}, {"id": "1349556925348904960", "text": "@haidy_Mar @dbuilesv Y aqu\u00ed en \ud83c\udde8\ud83c\uddf4 que gracias a la ley 100 de @AlvaroUribeVel  muchos pagan aprox $15000 (5 d\u00f3lares), u 8000 (3 d\u00f3lares), o $0 pesos por: ex\u00e1menes + cirug\u00edas + hospitalizaciones + medicamentos de los procedimientos cl\u00ednicos, y a\u00fan hay quienes se quejan de la ley, y quieren derogarla."}, {"id": "1349556922136096769", "text": "@AlvaroUribeVel Muy bonita la silla pero ese caballo senador esta como lento"}, {"id": "1349556918180671490", "text": "@natiibedoya Se refiere al narcotraficante #82 @AlvaroUribeVel"}, {"id": "1349556904519983112", "text": "@Cesar52667029 @petrogustavo Puto lameculos https://t.co/IUQM4YqczV"}, {"id": "1349556897746214913", "text": "@millersoto @PGN_COL @SandraFARC @Sergio_FARC @IvanDuque Entre \"bandidos\" se tratan as\u00ed, eso es perder el tiempo y si fuera por eso todos los d\u00edas entre ellos (pol\u00edticos) se tratan de lo peor, es el ejemplo que le dan a Colombia, dejen que la procuradur\u00eda se encargue de los verdaderos problemas de su competencia."}, {"id": "1349556892113231872", "text": "@L4Webonada @PartidoFARC @GustavoBolivar @petrogustavo @AidaAvellaE Este pa\u00eds est\u00e1 perrateando la poca dignidad de la pol\u00edtica. Los narco guerrilleros tienen pagos a un grupo de pol\u00edticos que est\u00e1n dispuestos a comprar como sea el poder. Esto se convirti\u00f3 en lucha de bandidos contra el estado colombiano."}, {"id": "1349556887197523970", "text": "@ALOPEROJ2 @Las2Orillas @MiguelUribeT @ClaudiaLopez @IvanDuque Jajaja jajaja jajaja jajaja jajaja  lo ha hecho tan bien qu\u00e9 est\u00e1 Bogot\u00e1 llevado, s\u00ed as\u00ed es bien c\u00f3mo ser\u00eda malo buen chiste \ud83d\ude02\ud83d\ude03\ud83d\ude02\ud83d\ude02\ud83d\ude03"}, {"id": "1349556884844531712", "text": "A esto estamos jugado  la izquierda radical  que est\u00e1 encontra de la fuerza p\u00fablica y apoyan a los gerrilleros @petrogustavo , @GustavoBolivar ,@heidy_up ,@PizarroMariaJo ,@cancinodiegoa , @intiasprilla , solo por mencionar algunos  estas son las \ud83d\udc00 que quieren joder a colombia https://t.co/DnvTO3U0XH"}, {"id": "1349556882084687873", "text": "@elduquech @mbrc11 @RuGar_V @GustavoDelaRoca @AlvaroUribeVel \u00bfEntonces t\u00fa, que te defines como nacionalista, tambi\u00e9n est\u00e1s cerca de Hitler porque \u00e9l era NACIONALsocialista? https://t.co/kEclpbFksf"}, {"id": "1349556871338872833", "text": "@Andreshurtado_7 @IvanDuque Deber\u00edan dejar estipulado que no las pueden vender, y  de pas\u00f3 arborizar el lugar de los deslizamientos."}, {"id": "1349556858470625280", "text": "@GranColombeia @lindajpaez @petrogustavo @Matador000 @NicolasMaduro @Twitter @PalomaValenciaL @MariaFdaCabal @IvanDuque @UribeVelez Deje de pensar comp un imbecil ! Eso es Todo ...."}, {"id": "1349556841458651141", "text": "@DanielSamperO Y para los incitadores de mentiras y de informaci\u00f3n falsa o acomodada? , si! Es con usted calvo @DanielSamperO"}, {"id": "1349556839646687234", "text": "@petrogustavo Que gonorrea!"}, {"id": "1349556835947327491", "text": "\ud83c\udde8\ud83c\uddf4 Anuncios del presidente de Colombia. Que diferencia! https://t.co/nTw1c7kNi1"}, {"id": "1349556810529779713", "text": "@OLGUIN_MAYORGA @CarlosHolmesTru @IvanDuque @PoliciaColombia @COL_EJERCITO Si quiera sali\u00f3 a hablar sandeces , ahora Don Ivan, @RoyBarreras y dem\u00e1s est\u00e1n m\u00e1s quemados para las pr\u00f3ximas elecciones. El pueblo colombiano no es bobo. @lcvelez @VickyDavilaH @santiagoangelp @saludhernandezm @calderonwiliams"}, {"id": "1349556788321021953", "text": "@guss_marro @mbrc11 @RuGar_V @GustavoDelaRoca @AlvaroUribeVel Falta comprensi\u00f3n de lectura. No dije lo que est\u00e1s diciendo que dije. Pero agradezco que por lo menos no insultes. Saludos"}, {"id": "1349556783866654721", "text": "@July_Sam_ @fcarrilloflorez @Farc @IvanDuque Ese es de los peores criminales que dejo Farc Santos y su basura de proceso Narco criminal con las terroristas @FARC_COLOMBIA"}, {"id": "1349556773330550792", "text": "@PedroNikolasM @ledamejia21 Hermano pero Taguee a ese cacas @petrogustavo, hay que mostrarle sus maravillosas cagadas..."}, {"id": "1349556758994415618", "text": "@MJDuzan La soluci\u00f3n es empezar a votar por pol\u00edticos limpios que noble sigan el juego a la CORRUPCI\u00d3N y por el contrario la denuncien..... @petrogustavo Presidente!!!!"}, {"id": "1349556755227930624", "text": "Yo creo que todos tienen derecho a tener voz... SIMPLE https://t.co/VkGbJlRqPI"}, {"id": "1349556745992081410", "text": "@colombia_hist Presidente pertardo @IvanDuque le hace competencia"}, {"id": "1349556714119557120", "text": "@Carlosp00947688 @AlvaroUribeVel Que le digan #SenadorDeFarc si es ofensa."}, {"id": "1349556667848007680", "text": "@YoAlejoV @PaolaHolguin Los supuestos 'amigos de la paz', son realmente los perros de la guerra.\nLa izquierda radical narco corrupta y asesina se adue\u00f1\u00f3 de \"la paz y la moral\" del pa\u00eds y son Uds. precisamente, los mayores criminales y corruptos.\n@PartidoFARC \n@petrogustavo \n@RoyBarreras \n@IvanCepedaCast"}, {"id": "1349556664622608387", "text": "@Sachaka7 @IvanDuque @Zuletalleras Ese es otro lameculos."}, {"id": "1349556656716308482", "text": "M\u00e1s combustible al Uribismo, esto fortalece su discurso, el Uribismo vive de las Farc, sin ellos estos hampones no existir\u00edan. https://t.co/g64LWmcuZd"}, {"id": "1349556643772694530", "text": "@AlvaroUribeVel Dolor, impotencia,rabia que terminan en Odio por tanta viene benevolencia con los asesinos y violadores de Ni\u00f1os. Si existiera la pena de muerte para estos delitos, ya ni existir\u00edan"}, {"id": "1349556635191001089", "text": "@GranColombeia @lindajpaez @petrogustavo @Matador000 @NicolasMaduro @Twitter @PalomaValenciaL @MariaFdaCabal @IvanDuque @UribeVelez Jajjaja usted no puede ser mas idiota? Sus neuromas no le dan para mas solo repetir como lora mojada Todo lo que escucha de los belicosos uribistas... Pfff"}, {"id": "1349556629759549441", "text": "@DanielSamperO Esos manes pareciera que funcionar\u00e1n a favor del uribismo."}, {"id": "1349556616123838465", "text": "Las UCIS llenas y los m\u00e9dicos metidos en Instagram y tiktok EL FUTBOL NO SE TOCA @IvanDuque"}, {"id": "1349556611157778432", "text": "Gracias @IvanDuque Gracias. https://t.co/XUVUf3l3ef"}, {"id": "1349556599904497664", "text": "@msilvaazul @DanielSamperO cocinero mayor del joe arroyo"}, {"id": "1349556585656365056", "text": "@leo9002020 @IvanDuque @AlvaroUribeVel @tomasuribeEco Ese es el resultado de negociar con bandidos narcoterrorista."}, {"id": "1349556582527467523", "text": "@AlvaroUribeVel Empecemos por lo obvio \u00bfCu\u00e1l? \nDigo, porque como yo no veo ninguno"}, {"id": "1349556567151149057", "text": "@tatan2901 @Nebiros96 @MinSaludCol @infopresidencia @IvanDuque @ViceColombia @urnadecristal @UNGRD @MinInterior @Fruizgomez @INSColombia @Supersalud y no se supone que est\u00e1n libres las UCI en barranquilla?"}, {"id": "1349556564521320450", "text": "@OLGUIN_MAYORGA @CarlosHolmesTru @IvanDuque @PoliciaColombia @COL_EJERCITO Lo chistoso es que ahora le llaman el brazo armado de la izquierda, como que muchos no saben de historia y lo \u00fanico que repiten es Uribe y Guerrilla."}, {"id": "1349556513422123008", "text": "@IvanDuque @MinSaludCol @MinInterior Hasta donde nos piensan llevar. Restricciones que asesinan la econom\u00eda, una vacuna que aun no llega y ayudas que jamas llegaron."}, {"id": "1349556504131756040", "text": "@linnammaria @IvanDuque @RoyBarreras Pasado de peso si est\u00e1n esos hps.. No pudieron cuando estaba el viejo Marulanda  q tenia m\u00e1s credibilidad q Udes partida de bandidos.."}, {"id": "1349556490181505025", "text": "@jarizabaletaf @AlvaroUribeVel Ni la muerte de 10.000 j\u00f3venes inocentes durante su mandato???? Que gente tan indolente."}, {"id": "1349556462981406721", "text": "@ElNegroRoble @Jorgesanz1986 @CancinoAbog @petrogustavo @PartidoFARC @AlejandroChar La torpeza del uribestia es cuando no logra sustentar con argumentos s\u00f3lidos sus opiniones. \nLe gusta ser  protagonista de sus historias llenas de chismes y ficci\u00f3n  con el prop\u00f3sito de generar gran contenido nocivo de mentiras, memes, montajes y falacias."}, {"id": "1349556425564028928", "text": "@Sergio_FARC @IvanDuque @millersoto Aqu\u00ed el \u00fanico que hace parte de un grupo terrorista es USTED #SERGIOHOMICIDA"}, {"id": "1349556395096625156", "text": "@juanquiado @ClaudiaLopez Y de paso peino a @IvanDuque cuando dijo que no hab\u00edan fechas para las jornadas de  vacunacion"}, {"id": "1349556394152890370", "text": "@Luigarcia11 @GustavoBolivar No olvide del Paramilitarismo asesino promulgado por @AlvaroUribeVel atravez de las Convivir que matan, violan a sus opositores"}, {"id": "1349556386011688961", "text": "@RoyBarreras jajaja la gente de bien en Colombia odia la guerrilla y que un bandido de esos salga apoyando a la izquierda nos hace un favor para que todo el pa\u00eds vea quien est\u00e1 con ellos @IvanCepedaCast @petrogustavo @RoyBarreras @AABenedetti @JERobledo est\u00e1n quemados imbeciles hampones"}, {"id": "1349556381381226496", "text": "@ArielAnaliza @IvanDuque Para estas fechas el.estimado de muertos era de 270mil, osea aprox un 70% de muertes no sucedieron, asi q deje la demagogia mentira y manipulacion, lo suyo es personal asi q descalifica sus criticas"}, {"id": "1349556377967071232", "text": "@millersoto @PGN_COL @SandraFARC @Sergio_FARC @IvanDuque Eso esta muy bien porque el que incumple la ley debe someterse a ella y m\u00e1s un servidor p\u00fablico, ojal\u00e1 no salga la JEP que ella es la competente para conocer de dicha queja"}, {"id": "1349556366789193729", "text": "@CancinoAbog @petrogustavo @PartidoFARC @AlejandroChar #ProhibidoOlvidar el pasado narco de @AlvaroUribeVel, q los paramilitares cometieron delitos de lesa humanidad, q el #ClanChar se ha robado #Barranquilla (el megatanque y el contratista Luis Enrique Guzm\u00e1n Chams) y q abogados sin \u00e9tica defienden corruptos, https://t.co/YjZVyNwGVm"}, {"id": "1349556358593585154", "text": "@ghitis Esto es una muy buena explicaci\u00f3n de lo que es @petrogustavo @GustavoBolivar y @ClaudiaLopez en @SenadoGovCo porque ya ni en @Bogota entendi\u00f3 como es la cosa hermano! @PartidoVerdeCoL @ConcejoDeBogota"}, {"id": "1349556354311139328", "text": "@IvanDuque @COL_EJERCITO @ArmadaColombia Que bueno @IvanDuque @COL_EJERCITO @FuerzasMilCol"}, {"id": "1349556347256373249", "text": "@miguelsarruf @petrogustavo @GustavoBolivar Excelente, la gran f\u00f3rmula del cambio que requiere Colombia con Urgencia aunque van a encontrar un Pa\u00eds saqueado masacrado etc. https://t.co/b4uVrGWO2x"}, {"id": "1349556318676381696", "text": "@IvanDuque @MinSaludCol @MinInterior Bien hecho puerco, pero... \u00bfy d\u00f3nde est\u00e1n las granhijueputas vacunas? No sea tan HP."}, {"id": "1349556318357647362", "text": "@SaMISERABLE @JUKARUBE @petrogustavo @GustavoBolivar @Betocoralg @FranciaMarquezM @ElQueLosDELATA @SARGENTOCHALA @HELIODOPTERO @LUISEROLAVE La paz es el camino, a esto me refer\u00eda cuando te invite @VickyDavilaH a ir a los territorios y vivir el d\u00eda a d\u00eda. Sal de tu zona de confort y ponte en los zapatos de esta gente que le toca dormir con un ojo abierto y otro cerrado."}, {"id": "1349556311118278657", "text": "@scadena98 @smarco943 @cardenasjorgee @IvanDuque @PartidoFARC Es lo m\u00e1s prudente para una persona con su coeficiente intelectual, no es por mi es por t\u00ed! \ud83d\udc4d\ud83d\udc4d\ud83e\udd21\ud83e\udd21\ud83e\udd21"}, {"id": "1349556283704270850", "text": "@hachecinco @petrogustavo Pusil\u00e1nime usted rid\u00edculo majadero,para que quiere ver mi cara , idiota"}, {"id": "1349556254637699074", "text": "@sanvalgo @MinSaludCol @IvanDuque En vez d estar peleando el gbno deber\u00eda averiguar con el gbno israel\u00ed como ha hecho para vacunar 1.7millones de personas en menos de un mes, este pa\u00eds ha sido m\u00e1s eficaz que EEUU, Reino Unido, Alemania, Espa\u00f1a, Rusia, para ejecutar esta tarea, hablen con ls alcaldes d cada ciudad"}, {"id": "1349556245460619265", "text": "@Betocoralg @CeDemocratico @IvanDuque Dios esto es de locos fan\u00e1ticos e ignorantes."}, {"id": "1349556238519066625", "text": "@Betocoralg @Matador000 @CeDemocratico @IvanDuque Ya lo denunciaron?"}, {"id": "1349556232034594816", "text": "@infopresidencia @IvanDuque Y las vacunas para cuando?"}], "meta": {"newest_id": "1349557317453422596", "oldest_id": "1349556232034594816", "result_count": 100, "next_token": "b26v89c19zqg8o3foshvhajjzrhl74fmtbs0918mwr14t"}}