{"data": [{"id": "1349723261798670336", "text": "@petrogustavo Por favor @petrogustavo dej\u00e9 tanto espect\u00e1culo tanto show yo le apuesto que donde usted quede va a ser m\u00e1s o peor de fracasado que @ClaudiaLopez e @IvanDuque juntos \ud83d\ude44\ud83e\udd2b"}, {"id": "1349723255951618048", "text": "Ni Fajardistas, ni de ninguna parte. https://t.co/srWObizLcY"}, {"id": "1349723240768425986", "text": "Cuando le toman foto a @IvanDuque  con c\u00e1mara de 40 megapixeles https://t.co/vk6cLzxOwX"}, {"id": "1349723231360610305", "text": "@AlexLopezMaya @IvanDuque Pero que lindo!"}, {"id": "1349723229678665730", "text": "@AlexLopezMaya @IvanDuque Los se\u00f1ores corrupci\u00f3n... Uy menos mal nos salvaron de ser como Venezuela...."}, {"id": "1349723218458906624", "text": "@ingabrielc @MiguelAndrsDel2 @manantomec @DanielSamperO @richizuluaga @leocharrisg Sr usted no sabe debatir con argumentos,as\u00ed no se piense igual hay que tener un mismo rumbo como pueblo, de lo contrario seguir\u00e1n vulnerando nuestros derechos\u00bfporqu\u00e9 los de la derecha si se unen para poder llegar a su meta?Porqu\u00e9 apesar de sus diferencias tienen claro el objetivo"}, {"id": "1349723210305204224", "text": "@Colombi53313757 @petrogustavo La ignorancia gen\u00e9tica todo lo ve al rev\u00e9s, estudie se\u00f1or."}, {"id": "1349723193003667456", "text": "@DanielSamperO @richizuluaga @leocharrisg No soy tibio. Siempre convencido que #PetroPresidente2022"}, {"id": "1349723188209594368", "text": "@ma_camiladiaz @DanielSamperO @JohaFuentes Ac\u00e1 no pasa nada, la gente puede hacer lo que quiera comenzando por el gobierno, y no pasa nada ."}, {"id": "1349723187018252294", "text": "@richizuluaga @maryluzherran @DanielSamperO @leocharrisg una respuesta mentirosa e hip\u00f3crita. \ud83e\udd21"}, {"id": "1349723153627570177", "text": "Sin palabras https://t.co/ZRbFvievxQ"}, {"id": "1349723152247566336", "text": "@AlexLopezMaya @IvanDuque Eso tambien es un tumbe! Corrupts malparido!!"}, {"id": "1349723144634966019", "text": "El video de @IvanMarquezOfic no hace mas que desnudar el desastrozo gobierno de el Dr. Tocino, sin embargo ya salio @DanielSamperO a decir que manchaba la revocatoria con su alocucion, que peque\u00f1es mental, lo vio pero no lo entendio"}, {"id": "1349723144198758404", "text": "@jubuarango @IvanDuque @JERobledo Y por responsabilidad, viejo atravesado"}, {"id": "1349723124317745152", "text": "@AlexLopezMaya @IvanDuque Aquel tonto de la casa de Nari\u00f1o se muestra arrogante pagando de m\u00e1s,como pa otro detrimento patrimonial"}, {"id": "1349723120920363009", "text": "@Dianithss @PGN_COL @SandraFARC @Sergio_FARC @IvanDuque No siendo yo la \u00fanica persona con posibilidades de denunciar a cualquiera que contrar\u00ede la norma, creo que su apreciaci\u00f3n es equivocada."}, {"id": "1349723117757853698", "text": "@JERobledo @MinSaludCol Viejo imbecil, idiota y decrepito, ya se va a oponer a la vacunacion ? Que paquete idiota es ud @ELTIEMPO"}, {"id": "1349723113530003456", "text": "@AlexLopezMaya @IvanDuque El pueblo polombiano aguanta eso y mucho m\u00e1s - a eso estamos acostumbrados, a que se roben todo esos hps, que pasa pueblo indiferente."}, {"id": "1349723109893562369", "text": "@DanielSamperO @richizuluaga @leocharrisg Ud es un irresponsable enviando un mensaje equivocado a este pa\u00eds. \n\u00bfNo ve como estamos, el gobierno que tenemos y la situaci\u00f3n de los l\u00edderes sociales y ambientales?\nAc\u00e1 los extremistas son los que han saqueado - gobernado este pa\u00eds por m\u00e1s de dos siglos. Y ud culpa a Petro?"}, {"id": "1349723100292648967", "text": "@richizuluaga @maryluzherran @DanielSamperO @leocharrisg \"Soy de los que siempre defiende la verdad\" \n\ny severos chismes que se echa. \n\nHip\u00f3crita si no. https://t.co/89j47DuuDW"}, {"id": "1349723099609124867", "text": "#AIvanMarquezLeDigo que cada vez que aparece se convierte en el jefe de campa\u00f1a de @IvanDuque. En serio, parece contratado x el uribismo. La ineptitud del presidente nos tiene sin vacunas y est\u00e1 baboso sale a desviar el debate. #AIvanMarquezLeDigo Delincuente asqueroso"}, {"id": "1349723096136232962", "text": "@AlvaroUribeVel Jajajaja qu\u00e9 lindos como se donan plata a ellos mismos, y ni hablar de las declaraciones de renta en ese nido de ratas que llaman disque centro democr\u00e1tico \ud83e\udd26"}, {"id": "1349723069946994690", "text": "@petrogustavo Puro capitalismo"}, {"id": "1349723069322059776", "text": "@ArielAnaliza @elespectador @IvanDuque Totalmente de acuerdo, desde la campa\u00f1a de sab\u00eda que Iv\u00e1n Duque no ten\u00eda madera para ser el presidente, lo demostr\u00f3 en su primer a\u00f1o, luego lleg\u00f3 la pandemia y se escondi\u00f3 detr\u00e1s de una pantalla cumpliendo su sue\u00f1o de ser presentador de TV.\n\nY gobierno de @ClaudiaLopez est\u00e1 igual"}, {"id": "1349723065173872641", "text": "@lorenzmurcia @AlvaroUribeVel As\u00ed es.\nPor \u00e9sto\ud83d\udc47 los criminales m\u00e1s ATROCES d colombia y sus aliados lo odian tanto.\n@AlvaroUribeVel  libertador de colombia y padre de la patria. https://t.co/iicLCbDqTw"}, {"id": "1349723063558889477", "text": "@MJDuzan @petrogustavo @GustavoBolivar @SaninPazC @Betocoralg @LevyRincon d\u00e9mosle una mano https://t.co/PTs84WPWRX"}, {"id": "1349723054310649856", "text": "@donborji @DanielSamperO En estadio? \nJunior - Sporting (0-2)\n Ibamos en caravana como 20 de la cuadra"}, {"id": "1349723050279895041", "text": "@Rodrigo_Lara_ @HeMallarino A Cu\u00e1ntos de los 10 millones de idiotas \u00fatiles que votaron por el t\u00edtere @IvanDuque  habr\u00e1 que agradecerles esto?????"}, {"id": "1349723041341829120", "text": "@Carlosp00947688 @AlvaroUribeVel Es un orgullo combatir a la narcoguerrilla y a los PetroCepeda."}, {"id": "1349723034148487170", "text": "El presidente @IvanDuque hizo un llamado a no hacer politiquer\u00eda con las vacunas contra el COVID-19 https://t.co/TiVWIGkTc3"}, {"id": "1349723021078982661", "text": "@FondoAdaptacion @IvanDuque @CGR_Colombia Gracias al presidente Nobel de la Paz por cumplir el sue\u00f1o de miles de estudiantes de la zonas rurales. Una infraestructura educativa que mejora las condiciones educativas para los ni\u00f1os y ni\u00f1as de la regi\u00f3n."}, {"id": "1349723016213704709", "text": "@CamiloCruz616 @ghitis @petrogustavo Que gente tan enferma \ud83e\udd23\ud83e\udd23\ud83e\udd23 no dan ni pena"}, {"id": "1349723010366894080", "text": "@CaracolRadio @MigracionCol la aerol\u00ednea que lo transport\u00f3 debe asumir responsabilidad moral,  jur\u00eddica y econ\u00f3mica, porque rompi\u00f3 protocolos de seguridad y puso en peligro a m\u00e1s de 180 pasajeros por no exigir la prueba PCR antes del abordaje. @IvanDuque @BluRadioCo @lafm @VickyDavilaH @WRadioColombia"}, {"id": "1349723009582555138", "text": "@diosesoler @Bio_Saurus @petrogustavo No s\u00e9 est\u00e1 hablando de bienestar econ\u00f3mico, el enfoque es del odio racial hacia los sudamericanos, este trato humillante no tiene precio."}, {"id": "1349722974337818625", "text": "@DanielSamperO @SenorCaicedo @petrogustavo @richizuluaga  dice ser antiuribista y solo se dedica a insultar a petro. Lo gracioso es que se las da de liberal y adem\u00e1s social. Da risa... ."}, {"id": "1349722972378943490", "text": "@Bornpiolero @jrossone @carleal85 @West01Santiago @pulzo @MJDuzan @AlvaroUribeVel Ah pues el estribillo...los asesoran muchas personas...escarbando m\u00e1s de uno tiene un nexo con alguien que a su vez tiene un nexo con alguien que a su vez tiene un nexo, con alguien.......que a su vez tiene un nexo con Pablo Escobar. \u00a1El gran argumento! M\u00e1s originalidad."}, {"id": "1349722969547927557", "text": "@AlexLopezMaya @IvanDuque Terrible pero era esperado. Esta recua de abusivos le es dif\u00edcil salir con algo decent\u00e9. Y hay lambones que encima dicen que toca agradecerles."}, {"id": "1349722964179230720", "text": "@maniaurbana @AlexLopezMaya @IvanDuque Que cantidad de mong\u00f3licos"}, {"id": "1349722963126444034", "text": "Si el gobierno de @IvanDuque hubiera comprado vacunas con mucha anticipaci\u00f3n, sin conocer el resultado de las investigaciones de los laboratorios, el paquidermo @JERobledo le estar\u00eda haciendo una moci\u00f3n de censura al ministro de salud por detrimento patrimonial."}, {"id": "1349722950828699648", "text": "@CARLOSFMEJIA @AlvaroUribeVel Que pena con \u00e9l matarife, como van a decir que el autoriz\u00f3 la pista de aviones de Escobar."}, {"id": "1349722950027632646", "text": "@Lalo853 @JERobledo Los del CD si proponen para tenerlo clavadito mijo."}, {"id": "1349722943002128391", "text": "@DanielSamperO @richizuluaga @leocharrisg Recuerdo cuando los uribistas te dec\u00edan VIOLADOR y te indignaste\n\nAhora usas y promueven \u00e9sta cuenta falsa para decirle VIOLADOR a @petrogustavo ? https://t.co/pvHjJzXfsy"}, {"id": "1349722941995548675", "text": "@PizarroMariaJo @IvanDuque T\u00edpico de este mediocre y mal presidente."}, {"id": "1349722929597177857", "text": "@DanielSamperO @richizuluaga @leocharrisg \u00d3sea tibio .... como usted @DanielSamperO  o como @sergio_fajardo  ...... \ud83e\udd14\ud83e\udd14\ud83e\udd14\ud83e\udd14"}, {"id": "1349722928540241920", "text": "@YoAlejoV @DanielSamperO @leocharrisg Tibio report\u00e1ndome!!!"}, {"id": "1349722922013896706", "text": "@AlexLopezMaya @IvanDuque bruto de brutos usted ya le respondieron lea Inf\u00f3rmese y los asteriscos son pa algo no pa cagar solamente."}, {"id": "1349722919878995969", "text": "@CarlosCarrilloA @DanielSamperO En Colombia hay esc\u00e1ndalos de corrupci\u00f3n donde \"los danieles se hacen los danieles\", tambi\u00e9n hacen de chayoteros."}, {"id": "1349722914539630594", "text": "@petrogustavo @AidaAvellaE @GustavoBolivar @SandraFARC @IvanCepedaCast @RoyBarreras @SandinoVictoria @AABenedetti @AlexLopezMaya \n@wilsonariasc \n@DavidRacero \n@PizarroMariaJo \n@HOLLMANMORRIS \n@AUGUSTOOCAMPO\n@EpicuroDeSamos_ \n@migueldelrioabg\n@Uriasv y todos en general.\nRT porfa."}, {"id": "1349722911549005824", "text": "@DanielSamperO @richizuluaga @leocharrisg Un INDULTO no hace INOCENTE y mucho menos DIGNO Y DECENTE a nadie. Si te quemaste las pesta\u00f1as estudiando y no entiendes algo tan sencillo como esto,mis amigos no est\u00e1n en nada,pero nada es nada. Confiar en PETRO es igual a confiar en el CASTROCHAVISMO."}, {"id": "1349722900014768128", "text": "@Diegolizarazol @Betocoralg @DanielSamperO @richizuluaga @leocharrisg @DCoronell Los que quieren que el centro se consolide es porque quieren compartir espacios de discusi\u00f3n Pol\u00edtica con Nestor  Humberto Martinez y Enrique Pe\u00f1alosa (este ultimo si representa al \"centro\")"}, {"id": "1349722878401507328", "text": "Miembros del @CeDemocratico critican a quienes ridiculizan (mos) la ya destruida imagen de @IvanDuque cuando ellos, intentaron acabar sin precedentes con la imagen de @JuanManSantos ... El karma existe, se\u00f1ores."}, {"id": "1349722864098881536", "text": "EL PLAN PANDEMIA\n#Covid19 #Vacunas #IvanDuque #AlvaroUribe #Polombia #InmunidadDeManada https://t.co/OLxQUKPRBw"}, {"id": "1349722856347852802", "text": "@CARLOSFMEJIA @AlvaroUribeVel Ahora resulta que las m\u00e1s de 600 pruebas que tienen en contra del honorable se\u00f1or Uribe no representan nada verg\u00fcenza deber\u00eda de darle \ud83e\udd2c"}, {"id": "1349722851742420992", "text": "@DanielSamperO Recuerde Daniel que El estado tampoco ha sido capaz de dejar las armas !! Las legaliza y las usa contra sus ciudadanos .Estudiantes l\u00edderes y todo el que se le oponga !"}, {"id": "1349722851650240513", "text": "@IvanDuque tremenda abeja para negociar y comprar votos, pero tremendo burro para negociar y comprar vacunas para Colombia."}, {"id": "1349722837033037830", "text": "Que le va interesar la paz a el sub presidente @IvanDuque , si el negocio de ellos es la guerra. https://t.co/KTRZFUoXvf"}, {"id": "1349722823040839685", "text": "@Diargape @DanielSamperO @richizuluaga @leocharrisg Richardo es uribista, eso lo sabemos todos los que hemos tenido la desagradable experiencia de tratar con el."}, {"id": "1349722810298425345", "text": "Si es mayor de 70 a\u00f1os en Colombia Mayor las puertas est\u00e1n siempre abiertas https://t.co/Evos05oAdA v\u00eda @corrillosr @infopresidencia @IvanDuque @JuanManSantos @AlvaroUribeVel @MAguilarHurtado @GobdeSantander @asambleastder"}, {"id": "1349722807056429056", "text": "Por el valor de la verdad y la transparencia. Hoy a las 8:00 pm los invitamos a conocer la opini\u00f3n de dos expertos frente al proceso de vacunaci\u00f3n contra COVID-19 en Colombia. \n\nEn directo por las redes del Senador de @DIGNIDAD_col, Jorge Enrique Robledo @JERobledo https://t.co/ipFmKx1lUp"}, {"id": "1349722801733685252", "text": "@AlexLopezMaya @IvanDuque Que 17 d\u00f3lares van al estado como ayuda tercermundista? Que 17 d\u00f3lares van a representantes de las empresas en forma de casas en Cartagena? Algo as\u00ed?"}, {"id": "1349722801540915204", "text": "@EmiroVillegas @petrogustavo El resultado ya se ve y se vive y son otros los que est\u00e1n en el poder"}, {"id": "1349722795383681027", "text": "\u00a1Qu\u00e9 gran noticia! Regocijo y gozo cada que muera un comunista. Con ello, el populismo se debilita. https://t.co/xFWf4nctzp"}, {"id": "1349722781102071810", "text": "@JuanAcevedoGar1 @petrogustavo @CorteSupremaJ Tuvieron que grabar esta entrega de dinero,  porque sab\u00edan con que clase de bandido estaban tratando.. \ud83d\ude2c"}, {"id": "1349722774504239105", "text": "@petrogustavo Mk v\u00e1yase para all\u00e1 y se vacuna de paso aprovecha y se queda por all\u00e1 haciendo los planos de los carros el\u00e9ctricos jajajjaja"}, {"id": "1349722770096193543", "text": "O el @MinSaludCol es pendejo para negociar o se hicieron el negocio m\u00e1s HP para pensionarse r\u00e1pido.\n@IvanDuque responda. https://t.co/8GDdNlV2gc"}, {"id": "1349722768179417091", "text": "@petrogustavo Se trataba de formar un bloque de paises como la UE, o como EEUU ,siendo fuertes en ciencia , tecnologia , educaci\u00f3n , y por ende fortalecer nuestras economias.\nEEUU se opuso xq le conviene tenernos divididos , y encontr\u00f3 en los gobiernos mafiosos de colombia el cain de America ."}, {"id": "1349722750089367552", "text": "@AlexLopezMaya @IvanDuque Porqu\u00e9 no usar el di\u00f3xido de cloro?"}, {"id": "1349722741809659907", "text": "@SARGENTOCHALA @GarayLama @petrogustavo Que pena con usted sargento ser tan directo, pero yo que pase por esas filas se que a los cuadros les tienen la cabeza hecha mierda con tanta propaganda imperialista pro Yankee y adem\u00e1s odian todo lo que no sea capitalismo, y como el cuento es que leteo es comunista pues dificil"}, {"id": "1349722720007811072", "text": "@RedMasNoticias @IvanDuque .\n\nEl err\u00e1tico subpresidente \n(sin querer queriendo)\nhizo puntualmente su \npropia radiograf\u00eda...\n\nQ cambio! \n\n."}, {"id": "1349722711535316992", "text": "@DanielSamperO @richizuluaga @leocharrisg Esooo siga as\u00ed para el 2022 que arto ayudaron en el 2018"}, {"id": "1349722707630428163", "text": "@TortugaVioleta @IvanDuque Y que a pesar de ser un mediocre, incompetente, careverga, etc va a quedar pensionado con una millonada antes de los 50 a\u00f1os"}, {"id": "1349722703029219331", "text": "@millersoto @PGN_COL @SandraFARC @Sergio_FARC @IvanDuque Arr\u00e1strate m\u00e1s por ese aval..."}, {"id": "1349722698524614656", "text": "@millersoto @PGN_COL @SandraFARC @Sergio_FARC @IvanDuque Muy bien miller as\u00ed es"}, {"id": "1349722688328245249", "text": "@richizuluaga @jerosanchezb @elReneJimenez @DanielSamperO @leocharrisg Le digo NUEVAMENTE deje de ser MENTIROSO Y CHISMOSO"}, {"id": "1349722667566379009", "text": "@millersoto @PGN_COL @SandraFARC @Sergio_FARC @IvanDuque Ser\u00e1 justa su queja cuando incluya a todos los infractores sin distinto pol\u00edtico"}, {"id": "1349722667524489217", "text": "@EmiroVillegas @petrogustavo Desde el 2002 nos gobierna un genocida mafioso en que mundo vives por dios!!!. Deje de comparar buscando la desinformaci\u00f3n animal!!!."}, {"id": "1349722660008148995", "text": "@AlexLopezMaya @IvanDuque Empezo la vacuna por tu voto"}, {"id": "1349722656355053568", "text": "@ISAZULETA @AUGUSTOOCAMPO @Betocoralg @CABLEPOLOMBIA @AntonioGranoble @ElQueLosDELATA @migueldelrioabg @LUISEROLAVE @ColombiaHumana_ @petrogustavo @GustavoBolivar @aplastapayasos Sin duda alguna te comprar\u00e9 el caf\u00e9 que hay que hacer"}, {"id": "1349722616131706881", "text": "@AlexLopezMaya @IvanDuque Quien le explica a este animal, que el precio se negocia basado en los aportes que cada gobierno da para el desarrollo de dicha vacuna. Pero esta clase de escorias que nunca han producido nada solo CO2 Y MIERDA, jam\u00e1s entender\u00e1n. As\u00ed es el mundo de los negocios a gran escala."}, {"id": "1349722608066031616", "text": "@CarlosCarrilloA @DanielSamperO Pantallazo para los bloqueados por el tibio, por favor."}, {"id": "1349722580912111616", "text": "@AlfonsoCampoM @UNPColombia @IvanDuque Ratas, todos van a caer por asesinos y hampones!"}, {"id": "1349722576940097536", "text": "Las motos si sirvieron y vimos muchisimas rodando sin hacer ruido y menos contaminacion, LASTIMOSAMENTE los policias @PoliciaBogota son unos ESTOMAGOS y mas sabiendo que venian de @petrogustavo las trataban peor y los COMANDANTES no gestionaban sus mantenimientos.... https://t.co/0xBMYW43SG"}, {"id": "1349722575115587588", "text": "@Melba09182029A @DizquePerfecta @AlvaroUribeVel Para saber que usted va a terminar en las mismas, pobre y arruinada, esperando que le den un puestico."}, {"id": "1349722554508914694", "text": "@DanielSamperO @richizuluaga @leocharrisg Es decir, de derecha. Adem\u00e1s de que igualar ese par de personajes no es algo serio, deber\u00eda generar otro tipo de opini\u00f3n esta cuenta."}, {"id": "1349722545587691522", "text": "@petrogustavo No conozco el primer muerto por covid, conozco m\u00e1s muertos por c\u00e1ncer y otras enfermedades @petrogustavo usted siempre con su drama enredando a la gente para que lo siga \ud83e\udd26\ud83c\udffc\u200d\u2642\ufe0f"}, {"id": "1349722541250764800", "text": "@LuchoXBolivia En Bolivia utilizaron la televisi\u00f3n para mostrar en vivo los pormenores de la firma de los contratos de compra de vacunas contra el Covid 19 y su manejo. Todo p\u00fablico, nada a escondidas, como en el gobierno de @IvanDuque"}, {"id": "1349722538990047232", "text": "@DanielSamperO @richizuluaga @leocharrisg Dani yo hago parte de este grupo, pero si vuelve y queda el que diga Uribe y Noel Petro, no lo pienso un segundo y voto por Noel Petro. Ni puel \ud83e\udd2c\ud83e\udd2cvuelvo a votar en blanco. Otro Duque \u201cJamas \u201c ese petardo es lo peor que nos ha podido pasar."}, {"id": "1349722537123606528", "text": "Estamos cagados gracias a la generaci\u00f3n de esos que ahora tienen m\u00e1s de 40 a\u00f1os. Por ejemplo el ejemplo el pat\u00e9tico youtuber de 40 \ud83e\udd2e @DanielSamperO , La prepago de Vicky D\u00e1vila y el clasista de Daniel Coronel, la misma basura en diferente cuerpo.\n\n#VacacionesDelCongresoSon"}, {"id": "1349722535122898945", "text": "@AlvaroUribeVel Por qu\u00e9 no los llevan al m\u00e9dico al que fue usted? .....le dur\u00f3 solo dos d\u00edas el covid."}, {"id": "1349722533860429826", "text": "@DanielSamperO Tomen tinto a caballo."}, {"id": "1349722532396601345", "text": "@MaraVictoriaJu1 @andrearoae No me afect\u00f3 a mi? Ese d\u00eda inici\u00f3 la campa\u00f1a de @IvanDuque para presidente, hoy lo tiene gobernando y cuenteme si no est\u00e1 afectado todo el pa\u00eds.\nHay que luchar por gente como ud, que a pesar de estar en un narcoestado no se ve afectada. \u00c9xitos"}, {"id": "1349722527564763137", "text": "@franciscoactiv2 @IvanDuque @UNICEF @Mineducacion Oiga @MinTIC_responde  haga algo"}, {"id": "1349722518580391942", "text": "@Joselitomocoso3 @ColombiaHumana_ @petrogustavo Que nivel de humanidad tan grande ... Que panorama tan interesante el que pinta en el poder debe ser una completa maravilla... \ud83d\ude21\ud83e\udd2c\ud83d\ude21\ud83e\udd2c\ud83e\udd2c\ud83e\udd2c\ud83e\udd22\ud83e\udd22\ud83e\udd22"}, {"id": "1349722514101039106", "text": "@escobarp2013 @JERobledo Ja ja ja. Excelente labor!!! Cuentahuesos"}, {"id": "1349722508669427715", "text": "@richizuluaga @AndrexLinares @maryluzherran @DanielSamperO @leocharrisg Sr sustente lo de violador... Claro si es tan frentero y pulcro como dice serlo, de resto es un cagado m\u00e1s que ve uno en la calle hablando basura."}, {"id": "1349722498141708290", "text": "La Colombia humana no existe @DanielSamperO https://t.co/iie0ynxvp5"}, {"id": "1349722492915499016", "text": "@superbichoMfc @IvanDuque Yo puedo agradecer lo que a bien decida yo, si Usted no es un resentido que le arde entonces? O tengo que ser alineado con Usted? El resentimiento lo inunda, lib\u00e9rese, pare de sufrir. \u00daltima respuesta de mi parte. \u00c9xitos."}, {"id": "1349722479460315136", "text": "@ClubReporteros @YoAlejoV @DanielSamperO @richizuluaga @leocharrisg \u00c9l es as\u00ed."}, {"id": "1349722466285924353", "text": "@EmiroVillegas @petrogustavo La ignorancia es atrevida... V\u00edctima de la idiotizaci\u00f2n medi\u00e1tica."}, {"id": "1349722452314742785", "text": "@AlexLopezMaya @IvanDuque Comprensi\u00f3n de lectura senador, no haga el rid\u00edculo, lea bien,  int\u00e9ntelo."}], "meta": {"newest_id": "1349723261798670336", "oldest_id": "1349722452314742785", "result_count": 100, "next_token": "b26v89c19zqg8o3foshvhes3r382eofv2udhzrjhrd7ct"}}