{"data": [{"id": "1349720044662620160", "text": "Igual que los 100 d\u00edas para reconstruir Providencia ! Este man no se sabe si da pena o rabia ! https://t.co/EKhE1Yrmel"}, {"id": "1349720042188009472", "text": "@YoAlejoV @DanielSamperO @richizuluaga @leocharrisg El Extremo Centro en acci\u00f3n!!"}, {"id": "1349720041206513665", "text": "@leo9002020 @IvanDuque @AlvaroUribeVel @tomasuribeEco M\u00e1s claro, no canta un gallo!!"}, {"id": "1349720034592104449", "text": "@DanielSamperO @richizuluaga @leocharrisg Por mi, que tanto Uribe como Petro, se alejen de la pol\u00edtica y nos dejen de polarizar."}, {"id": "1349720028619407363", "text": "@DanielSamperO @richizuluaga @leocharrisg Tibios al servicio del Uribismo, con el voto en blanco."}, {"id": "1349720017676488705", "text": "@Herluquin2 @millersoto @PGN_COL @SandraFARC @Sergio_FARC @IvanDuque Haga usted lo mismo, honorable se\u00f1or \ud83e\udd2d"}, {"id": "1349719993869598735", "text": "@rayitodesol71 @Lynx_581 @IvanDuque usted es buen representante."}, {"id": "1349719985933987840", "text": "@IvanDuque @MinSaludCol @MinInterior Gracias"}, {"id": "1349719969341304834", "text": "@millersoto @SofyCasas_ @PGN_COL @SandraFARC @Sergio_FARC @IvanDuque POR FIN, abogados q defienden la causa Uribista, pero no desde el teclado, sino en los Juzgados.\n\n#OjoConEl2022"}, {"id": "1349719965088284672", "text": "@AUGUSTOOCAMPO @ISAZULETA @Betocoralg @CABLEPOLOMBIA @AntonioGranoble @ElQueLosDELATA @migueldelrioabg @LUISEROLAVE @ColombiaHumana_ @petrogustavo @GustavoBolivar @aplastapayasos Sabia que contabamos con usted"}, {"id": "1349719962290688001", "text": "@millersoto @PGN_COL @SandraFARC @Sergio_FARC @IvanDuque JAJAJA BOBO HIJUEPUTA NO TIENE NADA MAS QUE HACER EL PROPIO PENDEJETE QUE \u00d1E RINDA URIBOBO MALPARIDO"}, {"id": "1349719960180961284", "text": "@AlexLopezMaya @IvanDuque Es ese entonces el secretismo con los contratos? Corrupci\u00f3n al m\u00e1ximo nivel! De ser cierta la informaci\u00f3n publicada por La Rep\u00fablica, deber\u00eda iniciarse ya una investigaci\u00f3n, juicio y c\u00e1rcel para los culpables!"}, {"id": "1349719957123325959", "text": "@AlexLopezMaya @EdgarNavia61 @IvanDuque Eso dicen, pero seguro se roban 18 y compran a 3"}, {"id": "1349719949678432257", "text": "@GustavoBolivar Si me parece absurdo le jodiero la vida a la alcaldesa de Bogot\u00e1 por que se ausento 5 dias @ClaudiaLopez  la verdad \ud83d\ude02 tiene huevo \u00e9stos deshonrados congreaitas donde este el amor  a la patria @IvanDuque @CNNEE @cnni @nytimes"}, {"id": "1349719947719680000", "text": "Muy bien sra Robledo. La izquierda no puede aceptar como jefe de debate 2022 a narcotraficantes y terroristas. @petrogustavo @RoyBarreras @PartidoFARC siguen callados. https://t.co/fbEvWZQYEM"}, {"id": "1349719942392905728", "text": "@YoAlejoV @DanielSamperO @richizuluaga @leocharrisg Acu\u00e9rdese que Samper vot\u00f3 por el menos barra brava; o sea el que dijo el matarife... pero enga\u00f1o a los m\u00e1s bobos hijueputas del lodazal con \u201cvot\u00e9 en blanco\u201d. \n\n\u00a1Qu\u00e9 gonorrea!"}, {"id": "1349719941356912641", "text": "@rajaramillo1 @jnachonavarro @DanielSamperO @leocharrisg \u00bfC\u00f3mo quienes?"}, {"id": "1349719933198995460", "text": "@AlvaroUribeVel La realidad de la Banda criminal del @CeDemocratico https://t.co/429Hwamtbm"}, {"id": "1349719928367144962", "text": "@VickyDavilaH Cuando los URIBISTAS hablan de NARCOTERRORISMO estar\u00e1n hablando de @AlvaroUribeVel ...???"}, {"id": "1349719928350396416", "text": "@RangPerez @DiegoVelezGar @GustavoBolivar @AlvaroUribeVel Lo m\u00e1s peligroso ahora es ese centro que realmente es m\u00e1s de lo mismo  esa derecha pero ahora en tenis y modelando de alternativos"}, {"id": "1349719920582537220", "text": "@millersoto @PGN_COL @SandraFARC @Sergio_FARC @IvanDuque Miller, apoyo total. Quieren paz imponiendo su forma de actuar, que no es otra cosa q seguir amenazando con asesinar."}, {"id": "1349719918762217472", "text": "@richizuluaga @rroseroq @DanielSamperO @leocharrisg Es de no creer... So existen los petristas entonces existen los antipetristas que se vuelven lo que critican y hasta peor, fan\u00e1ticos de petro para resaltar en estas redes y creersen inteligentes por su odio hac\u00eda el camino que promueve. https://t.co/T2xonjrCCS"}, {"id": "1349719877016281090", "text": "@AlexLopezMaya @IvanDuque Si UNICEF publica esos datos, cu\u00e1l era la tal confidencialidad por la cual el gobierno no lo hac\u00eda ?"}, {"id": "1349719876173238278", "text": "@Alfarero30 @ilusionesgitana @DonIzquierdo_ @sandiarebelde28 @IvanDuque As\u00ed piensan ellos"}, {"id": "1349719872561930243", "text": "@RevistaSemana Deberian comprarle lana y aguja al Sr. @JERobledo a ver si se ocupa en algo \u00fatil.\n\nPD La denuncia la deber\u00eda poner el Ministro de Salud contra la extrema izquierda por solo poner palos en la rueda."}, {"id": "1349719863107981313", "text": "@IvanDuque Ignorantes aquellos q agradecen semejante falacia, no solo q no tiene clara la compra de las vacunas ojo digo compra no negociaci\u00f3n, adem\u00e1s q tampoco tiene claro el proceso de vacunaci\u00f3n, por q Costa Rica, Panam\u00e1, Per\u00fa Chile, Argentina, M\u00e9xico entre otros ya est\u00e1n Ok con ello?"}, {"id": "1349719854111223809", "text": "@DcpCp @DanielSamperO @richizuluaga @leocharrisg @petrogustavo Lo apoyo compa. Ni petrista ni Uribista, pero si con conciencia social, dejando el importaculismo a un lado."}, {"id": "1349719847500972033", "text": "@DanielSamperO @richizuluaga @leocharrisg Bobo hijueputa"}, {"id": "1349719845571592194", "text": "@GranColombeia @IvanDuque Jajaja el q sufre es otro, habla de argumentos y no ha dado el primero, solo da las gracias x nada jaja"}, {"id": "1349719836499341314", "text": "@sanvalgo @MinSaludCol @IvanDuque M\u00e1s acci\u00f3n menos promesas en los que son campeones estos palabreros del centro democr\u00e1tico y la gente no se deja caer en este argumento tan pobre sr Valencia sabe algo alguien que gobierne diferente de ustedes ya estaria vacunando en el pa\u00eds"}, {"id": "1349719835836608513", "text": "Los que hablan mal de @petrogustavo es porque saben que es el m\u00e1s probable presidente en 2022, de lo contrario, ni lo mencionaran:\n\n\u201cLadran, se\u00f1al que cabalgamos\u201d\nPetro presidente https://t.co/zYJAa7ueav"}, {"id": "1349719832376336388", "text": "\u00bfYa lo hizo contra el Matarife por llamar sicario a @petrogustavo  y violador de ni\u00f1os a @DanielSamperO \n\u00bfO es ud otro puerco marrano mas del Matarife?. https://t.co/1GEWGcycxK"}, {"id": "1349719826848231427", "text": "@CarlosCarrilloA @DanielSamperO Foto por favor, que el promotor del voto en blanco me tiene bloqueado."}, {"id": "1349719821181726728", "text": "@AlvaroUribeVel Yo no entiendo como un perpetrador de tanto dolor puede hablar de \u00e9l...."}, {"id": "1349719805251743744", "text": "@SARGENTOCHALA @Yo25478255 @petrogustavo Usted como ex miembro de las fuerzas sabe que el inconformismo al interior es la desigualdad entre suboficiales y oficiales"}, {"id": "1349719804689739776", "text": "@IvanDuque @MinSaludCol @MinInterior Que verg\u00fcenza!!! Ud es lo PEOR  que le ha pasado a colombia! Y eso que sus predecesores no son joyitas... pero su ineptitud es astron\u00f3mica!!! Que tristeza ver el pa\u00eds en manos de una persona tan poco capaz y tan c\u00ednica!!!"}, {"id": "1349719792433950723", "text": "@SARGENTOCHALA @Lucas89777309 @petrogustavo con todo respeto, pero en el ej\u00e9rcito ademas de disciplina les lavan el cerebro para ver a uribe y al cerdo como \u00fanica salvaci\u00f3n. para convencer a esa gente es muy dificil por no decir imposible. solo algunos con la suficiente capacidad de criterio propio se salvan."}, {"id": "1349719790215176192", "text": "@PattyRoesel @SaiderMarin @PaoHerreraC @AUGUSTOOCAMPO @DanielSamperO @DCoronell @lopezjosedaniel @JuanPabloCalvas @MJDuzan Autorizaci\u00f3n para uso de emergencia...no esta aprobada.\n\nVerifique sumerce.\nhttps://t.co/VIgl8BrmHe"}, {"id": "1349719789015588877", "text": "@Is_the_cat @richizuluaga @maryluzherran @DanielSamperO @leocharrisg Y promocionado por el tibiazo de danielito. https://t.co/dSvSBMAI7b"}, {"id": "1349719787140763653", "text": "@IvanDuque  negocio las vacunas por unidad a 21 d\u00f3lares ? EEUU 4 d\u00f3lares, filipinas 2.50 d\u00f3lares, comisi\u00f3n aeropea 2.19 d\u00f3lares esto est\u00e1 como sospechoso que injusticia. Pero ahora recuerdo el 2022 en las urnas cambiar\u00e1 todo. https://t.co/3EMSmj3H2Y"}, {"id": "1349719779741999107", "text": "@midasmckalister @juanyepes3 @ClaudiaLopez @LuisErnestoGL Es que debi\u00f3 hacer lo de @IvanDuque y no planificar ni mierda y esperar a ver si nos morimos. \nBruta la otra que previ\u00f3 un colapso de los escasos recursos m\u00e9dicos de una ciudad con 10 millones de habitantes \n\ud83d\ude11\n@Pelicolombianas @FisicoImpuro  @geoduque @Nessnio @RobertoMTico"}, {"id": "1349719776722112517", "text": "@Denuncia112 @mariaclaudialo3 @ghitis @ClaudiaLopez @IvanDuque Barranquilla, por ejemplo. D\u00f3nde lleg\u00f3 primero el pico de la pandemia y ahora la ciudad se est\u00e1 reactivando normalmente, siendo que hay mucha indisciplina social, est\u00e1n trabajando en equipo autoridades locales y nacionales. Si se puede con buena gerencia."}, {"id": "1349719774150995968", "text": "@DanielSamperO @richizuluaga @leocharrisg Desde tan temprano haci\u00e9ndole campa\u00f1a solapada al Uribismo. https://t.co/qMyZHwl5FM"}, {"id": "1349719774104838145", "text": "Los relacionados, son los desquiciados que apoyan a Victoria Sandino de Partido Farc en el acto criminal de reiterar que el Pte @IvanDuque es el genocida de los reinsertados Farc.\nQu\u00e9 cerebro tan podrido tienen ! \nAll\u00ed, la figura oscura de Juli\u00e1n Rom\u00e1n !\nActor o Bandido Farc ! https://t.co/WvAfxuD5wQ"}, {"id": "1349719760758571008", "text": "@DanielSamperO @richizuluaga @leocharrisg Ni Uribista, ni Petrista, ni fajardista, nada de \"ista\" , esos extremos donde no ven las fallas de su caudillo, donde agreden al que piensa diferente y victimizan la situaci\u00f3n del pa\u00eds culpando a quienes no los siguen, no aporta nada bueno"}, {"id": "1349719759596744704", "text": "@DanielSamperO @richizuluaga @leocharrisg Qu\u00e9 vas a hilar ah\u00ed? \ud83e\udd26\u200d\u2642\ufe0f\ud83e\udd26\u200d\u2642\ufe0f\ud83e\udd26\u200d\u2642\ufe0f\ud83e\udd26\u200d\u2642\ufe0f#HayGenteAs\u00ed"}, {"id": "1349719747471044608", "text": "@petrogustavo  nunca evit\u00f3 entrar al Bronx, es m\u00e1s, hizo m\u00e1s de tres intervenciones, muchas con fuerzas militares. Acciones verdaderas, no haciendo un proceso de gentrificaci\u00f3n y extendendiendo el Bronx a m\u00e1s barrios de Bogot\u00e1 como lo hizo Pe\u00f1alosa. https://t.co/UxaObmsOYX https://t.co/XKs0yEWQO3"}, {"id": "1349719745994625025", "text": "@DanielSamperO @richizuluaga @leocharrisg Payaso, tantas cosas importantes que dan de que hablar y usted con este tipo de \"debate\"."}, {"id": "1349719733550149632", "text": "@Oscarmunevar85 @DIAMI198529 @petrogustavo Pues M19 recibi\u00f3 un insulto y fue exterminado en su mayor\u00eda, Farc pues logro un acuerdo de paz rumbo a justicia transicional, epl y eln est\u00e1n al margen de la ley y son combatidos, pero en el caso de los militares relacionados a falsos positivos fueron premiados y gozan de pensi\u00f3n"}, {"id": "1349719733084573698", "text": "@Patosar5 @EdwinRa91331240 @IvanDuque @MinSaludCol @MinInterior Si leen los tuits de esta sra. O es un bot o por sus respuestas es una fan\u00e1tica de Uribe. Decirles a los millones de personas infectadas y muertas, que fue culpa de ellos o de alg\u00fan familiar, de falta de amor. Vaya persona desagradable. https://t.co/jnJ9nfIfDn"}, {"id": "1349719713534902275", "text": "@Zenaida92166173 @DanielSamperO @leocharrisg Fue un criminal."}, {"id": "1349719699614007296", "text": "@pulzo @IvanDuque No ser\u00e1 que estos bandidos est\u00e1n aliados con el paraco mayor, con el poder que tiene el Matarife todo es posible y as\u00ed tener tema para el 2022."}, {"id": "1349719698817101824", "text": "@Santi_jch @RedMasNoticias @IvanDuque Seg\u00fan su trino, seud\u00f3nimo chica_. Veo la falta de coeficiente intelectual. Madure"}, {"id": "1349719682258001920", "text": "@ing_angarita7 @yesid977 @alex_guaza @juliansolish @AlexLopezMaya @MarcelWorldd @IvanDuque @larepublica_co Ah bobos hijueputas!!! https://t.co/qJ2CGVDbtL"}, {"id": "1349719679426834433", "text": "@DanielSamperO @richizuluaga @leocharrisg Te falto decir Fajardista jajajajajajja"}, {"id": "1349719674846666753", "text": "@luismorales0621 Y acaso el texto final de la negociaci\u00f3n no se conoci\u00f3? acaso muchos no lo le\u00edmos mientras el uribismo dec\u00eda q no hab\u00eda q comentarlos?\n\nAdem\u00e1s , tanto secretismo par negociar la vacuna 10 veces m\u00e1s cara q otros pa\u00edses? \n@IvanDuque es un inepto sin agallas siquiera https://t.co/dy4H1utBZr"}, {"id": "1349719674657898502", "text": "@JGonzaguiz @petrogustavo @emiliolagos1 JAJAJAJA usted mismo lo dijo, ya veo que no solo hay imb\u00e9ciles uribistas, eso no es un requisito."}, {"id": "1349719671759646722", "text": "@millersoto @PGN_COL @SandraFARC @Sergio_FARC @IvanDuque Puede ampliar su denuncia, incluy\u00e9ndome,  para mi el se\u00f1or duque es c\u00f3mplice de homicidio por omisi\u00f3n.  Me cuenta para presentarme con mi abogado penalista. \nNing\u00fan m\u00ednimo que te paguen har\u00e1 que puedas negar lo innegable."}, {"id": "1349719643318063104", "text": "@RadioGuatapuri @IvanDuque @mincultura @Mineducacion @Minvivienda @MintrabajoCol @MinDeporteCol @apecuello @DidierLobo_Ch @MelloCastroG @Valledupar @Valledupar_Col Las represas."}, {"id": "1349719630785507328", "text": "@AlvaroUribeVel \u00a1C\u00cdNICO! y como no te doli\u00f3 los muchachos de Soacha..."}, {"id": "1349719627279036418", "text": "@richizuluaga @elReneJimenez @jerosanchezb @DanielSamperO @leocharrisg @petrogustavo Eso hace usted, hasta ofende y pide que ataquen MUJERES"}, {"id": "1349719626607980548", "text": "@SARGENTOCHALA @petrogustavo Vengo observando lo mismo\nOjo con eso .\nEsa r\u00e9mora ser\u00eda de gran beneficio para el uribismo"}, {"id": "1349719625806864393", "text": "@IvanDuque La autoproteccion es una mala excusa para justificar el descontrol, puede existir  autocontrol en un bus del transmilenio donde, 150 personas est\u00e1n hacinadas en un articulado? multipliquen esto por el n\u00famero de veces que ocurre, en las diferentes rutas, se llenarian estadios"}, {"id": "1349719556567216129", "text": "@richizuluaga @ingabrielc @manantomec @DanielSamperO @leocharrisg Respetable punto de vista. \n\nEn lo que a mi respecta, nada es peor que la delincuencia que gobierna actualmente y controla casi todos los poderes."}, {"id": "1349719554591752193", "text": "@YoAlejoV @DanielSamperO @richizuluaga @leocharrisg Reportandome"}, {"id": "1349719551127277572", "text": "@TatoCepeda Tenemos un presidente y minsalud de borrador, \n@IvanDuque  @MinSaludCol"}, {"id": "1349719542675738624", "text": "@AlvaroUribeVel QEPD"}, {"id": "1349719530315149315", "text": "Al se\u00f1or @CarlosCarrilloA se le olvida que su \u00eddolo @petrogustavo le da RT a cuentas falsas y que hacen parte de su bodega. Que mala memoria tienes Carrillo."}, {"id": "1349719525239959557", "text": "@Felipem2706 @QuinteroCalle @estebanrestre @AndreeUribeM @IvanDuque No para aplicaci\u00f3n si para el transporte y almacenamiento. El resto es como cualquier vacuna."}, {"id": "1349719519141502977", "text": "@AlvaroUribeVel En plena campa\u00f1a electoral el uribismo , manda condolencias,  pero el presidente Uribista Duque, masacres y nada de condolencias."}, {"id": "1349719506755743751", "text": "@IvanDuque Por fin!!!!!!!"}, {"id": "1349719502632706048", "text": "@CathyJuvinao @IvanDuque Hay que ser un funcionario corrupto en este pa\u00eds, para ocupar altos cargos y esto se da en todas las empresas del Estado. Cu\u00e1l transparencia, cu\u00e1les valores e integridad de los servidores p\u00fablicos. Son servidores para sus propios intereses y los de sus jefes pol\u00edticos"}, {"id": "1349719499977715714", "text": "@CancinoAbog @petrogustavo @PartidoFARC @AlejandroChar Cancino, otro abogado del diablo. Para eso le pagan"}, {"id": "1349719494093135874", "text": "@SergioG28826412 @SARGENTOCHALA @petrogustavo Hay que conocer al interior de las fuerzas para saber que quieren, eso no es tan sencillo, no todo el mundo quiere estudiar"}, {"id": "1349719486157516803", "text": "@EusebioLeal2 @yesid977 @alex_guaza @juliansolish @AlexLopezMaya @MarcelWorldd @IvanDuque @larepublica_co Lea ud gran hijueput, escondi\u00e9ndose y encajando madrazos detr\u00e1s de un celular. *afectados por la empresa desarrolladora*, no puede ser que la variable pa\u00eds (colombia) sea la \u00fanica con el precio tan elevado. Y vaya y coma mierda con su madre gran malparido"}, {"id": "1349719482038710273", "text": "@AlvaroUribeVel Dios sabe que la mayoria de los colombianos somos creyentes de su palabra creemos en el regreso por segunda vez de nuestro Se\u00f1or Jesucristo \nLos malos no prevaleceran"}, {"id": "1349719476355420161", "text": "@richizuluaga @jerosanchezb @elReneJimenez @DanielSamperO @leocharrisg Uribe NO es EXPRESIDIARIO usted y sus CHISMES Y MENTIRAS"}, {"id": "1349719476078604288", "text": "@yeerley @CathyJuvinao @IvanDuque @DanielSamperO @GustavoBolivar @CamaraColombia @elespectador @PartidoVerdeCoL @ma_camiladiaz @WRadioColombia Eso pasa en los Concejos; pero no en el Congreso. El salario es el mismo, haya sesi\u00f3n o no. Por eso deber\u00edamos estar sesionando"}, {"id": "1349719469527068674", "text": "@ervinpb @petrogustavo Pero no es imposible"}, {"id": "1349719464900763654", "text": "@CarlosCarrilloA @DanielSamperO El sabe que es lo que le genera muchos likes, eso mueve su cuenta, y de eso vive."}, {"id": "1349719446257086464", "text": "@AlexLopezMaya @IvanDuque Ahora jam\u00e1s ser\u00e1 lo mismo negociar el precio para in poblaci\u00f3n de 164 millones con una de 50 millones eso deben tenerlo en cuenta, antes de hacer juicios."}, {"id": "1349719438334033920", "text": "@richizuluaga @rroseroq @DanielSamperO @leocharrisg Este tipo es de manual... Siempre hace lo mismo, despu\u00e9s de esto va comenzar a decir que petro es mal administrador, volador, Narco, etc, etc... Argumentos creados por b\u00fasquedas en google que supuestamente lo exoneran de desinformar, y eso que lo recomiendan por los argumentos(?)"}, {"id": "1349719405933043712", "text": "El Abigeato en sanjuan del cesar, Guajira es el pan de cada dia, y no pasa nada, las autoridades, bien gracias @Fedegan @jflafaurie @IvanDuque @deluque @MinAgricultura @PoliciaColombia @COL_EJERCITO @NoticiasRCN @NemesioRoys @ALCALDIASANJUAN @CaracolNoticias_ @CarlosHolmesTru https://t.co/KE97DeZjhJ"}, {"id": "1349719403085094912", "text": "@DanielSamperO @richizuluaga @leocharrisg @DanielSamperO  no puede pasar 5 minutos solo, termina mostrando lo que es. https://t.co/MT0NOZRlXF"}, {"id": "1349719402590199810", "text": "@OsorioSst @heidy_up @ColombiaHumana_ @UP_Colombia @IvanDuque @Bogota @anateresabernal @susanamuhamad @petrogustavo @AidaAvellaE Personal no jovencito, es al MOIR, como secta pol\u00edtica q desde muchos a\u00f1os atr\u00e1s se dedico a vender movilizaciones, negociar con la derecha x debajo de la mesa y ahora sufre x perder burocracia. Mucho discurso 'anti-neoliberal' cuando act\u00faan igual q un clan pol\u00edtico costero. \ud83e\udd37\ud83c\udffb\u200d\u2642\ufe0f"}, {"id": "1349719391294922752", "text": "@ClaudiaLuci0222 @IvanDuque Me encanta tu respuesta al Twitter de esa narcoterroristas atrevida \ud83c\udde8\ud83c\uddf4\ud83d\udc4f\ud83c\udffb\ud83c\udde8\ud83c\uddf4\ud83d\udc4d\ud83c\udffb\ud83c\udde8\ud83c\uddf4"}, {"id": "1349719391181615107", "text": "@DanielSamperO @richizuluaga @leocharrisg Se\u00f1or @DanielSamperO  yo me.siento abtiurista y Antipetrista \u00bfser\u00e1 que soy tibio?"}, {"id": "1349719390292377604", "text": "\u00bf Se ha preguntado Sr Robledo, quienes verificar\u00e1n si lo que se \u201ccompra\u201d es lo que \u201cllega\u201d ?\n\n\u00bfQuienes ser\u00e1n los encargados de la distribuci\u00f3n y los inventarios ?\n\nSi se roban los auxilios y ayudas en los desastres, imagin\u00e9monos la FIESTA que los corruptos har\u00e1n con las vacunas. https://t.co/qfyEr0ZlYZ"}, {"id": "1349719389470392322", "text": "@elReneJimenez @Fernando082074 @jerosanchezb @DanielSamperO @leocharrisg @petrogustavo L\u00e9alo @petrogustavo \n\nTodos el tiempo ataca y agrede a sus contradictores."}, {"id": "1349719371686555649", "text": "@fidel_urrego @petrogustavo Ya estamos en eso\ud83d\udc4d\ud83d\udc4d\ud83d\udc4d\ud83d\udc4d"}, {"id": "1349719362173808642", "text": "En v\u00eddeo apareci\u00f3 @IvanMarquezOfic, junto a otros jefes de la disidencia de la @SMarquetalia donde hace una serie de cr\u00edticas en contra el actual gobierno de @IvanDuque. Hace m\u00e1s de un a\u00f1o este grupo se disputa con grupos locales el control territorial en el Pac\u00edfico de #Nari\u00f1o. https://t.co/5Xz8tyG1u7"}, {"id": "1349719359552442371", "text": "@MONIQUILLA301 @ElQueLosDELATA @migueldelrioabg @AUGUSTOOCAMPO @LUISEROLAVE @Betocoralg @ColombiaHumana_ @petrogustavo @GustavoBolivar Todo lo contrario, hay que ampliar la lista."}, {"id": "1349719357623037952", "text": "@DanielSamperO @richizuluaga @leocharrisg Viven en un limbo muy tenaz!!!"}, {"id": "1349719350501105665", "text": "La negligencia del Gobierno Colombiano en cabeza de @IvanDuque nos condena a la muerte. No hay garant\u00edas para la vida digna, no  hay renta b\u00e1sica, no hay sanidad p\u00fablica en este circo que llaman democracia.  Publicidad de: @Purovenenofire https://t.co/MXrDlNV6qX"}, {"id": "1349719347137306625", "text": "Esto es Colombia, el Uribista enclosetado m\u00e1s grande, reclamando a los guerrilleros que no le roben su posici\u00f3n de trabajar para el Uribismo https://t.co/B60rDn9cNA"}, {"id": "1349719344712859651", "text": "@DanielSamperO @richizuluaga @leocharrisg Esto suena a cuando la \u201cfamilia uribista\u201d pide reportarse."}, {"id": "1349719341722464257", "text": "@AlexLopezMaya @IvanDuque Por favor renegocien, nosotros no somos China, culpables de la pandemia. O es que ya van con la mordida incluida."}, {"id": "1349719336039178242", "text": "@richizuluaga @femi_artesanal @DanielSamperO @leocharrisg Jajajaja enserio su nivel de pobreza mental es tan alto. \ud83e\udd23\nLo peor es que lo dice un fan\u00e1tico que sufre de problemas mentales."}, {"id": "1349719323833724931", "text": "@AlexLopezMaya @elsemblante @IvanDuque Digno de un subpresidente.."}, {"id": "1349719322936147968", "text": "@SARGENTOCHALA @petrogustavo Importante punto hay muchos militares honestos ser\u00eda una uni\u00f3n C\u00edvico-Militar que podr\u00edan dar muy buenos resultados."}], "meta": {"newest_id": "1349720044662620160", "oldest_id": "1349719322936147968", "result_count": 100, "next_token": "b26v89c19zqg8o3foshvhert99zoon507aa1a4pei64xp"}}