{"data": [{"id": "1349723611775397898", "text": "@GustavoBolivar @MJDuzan @GustavoBolivar  usted solo sabe ser un t\u00edtere m\u00e1s de @petrogustavo pong\u00e1monos a hacer algo que de  verdad sirva, como aportar a la reconstrucci\u00f3n de San Andr\u00e9s, o al crecimiento y mejora de nuestro pa\u00eds, sirvan pa algo!!"}, {"id": "1349723599192526849", "text": "@Jeshus_f7 @DanielSamperO @richizuluaga @leocharrisg @petrogustavo Respetable su opini\u00f3n,  si la gente no aprende y vota de nuevo  por el que diga Uribe nos merecemos la extinci\u00f3n  como naci\u00f3n,  Vuelvo  y le repito Petro es el \u00fanico  por ahora con propuestas  claras  , y mas miedo deberia tener de otro mandato igual a este"}, {"id": "1349723599138140160", "text": "@carlosecaicedo @DNP_Colombia @RodLuisAlberto El plan pretende $24,000 millones para hacer, con dinero p\u00fablico, \u201cconferencias y debates\u201d sobre \u201cdemocratizaci\u00f3n econ\u00f3mica\u201d con Caicedo y \u201cl\u00edderes de partidos pol\u00edticos y sociedad civil internacional\u201d\n\nLa entrada al socialismo, de frente. @DNP_Colombia @IvanDuque @HernandoGuido https://t.co/IpzLodWjL2"}, {"id": "1349723598601158656", "text": "@Alfarero30 @ilusionesgitana @DonIzquierdo_ @sandiarebelde28 @IvanDuque Tal cual"}, {"id": "1349723589096968198", "text": "@JaimeRomeroL @lupadebolsillo @IvanDuque https://t.co/p2RpHP4dd8 \n\nColombia 0"}, {"id": "1349723588450938885", "text": "@SergioFerG @DanielSamperO @leocharrisg Buena Sergio."}, {"id": "1349723573733253120", "text": "Gobierno de Rodolfo Ucr\u00f3s debe responder / Comunidad \u00e1vida de respuesta sobre convenio entre Fundaci\u00f3n y Municipio https://t.co/kIo1KnK0wi @LuzMarinaEsper1 @NoticiasUno @DCoronell @CGR_Colombia @PGN_COL @IvanDuque @Pfrobledo @MinSaludCol @Supersalud #DistanciamientoSocial https://t.co/W52mzBtqLA"}, {"id": "1349723572437188608", "text": "@lilicatadiaz @DanielSamperO @richizuluaga @leocharrisg Hablando de petro o uribe no construimos pa\u00eds. Hablando de pol\u00edtica los de a pie no construimos pa\u00eds. \nLos de a pie construimos pa\u00eds votando o en las calles protestando. \nY digo q hablando no porque nuestras voces no las escuchan los q tienen El poder."}, {"id": "1349723566506434561", "text": "@QuinonesRic @AlvaroUribeVel No sea GRAN HPTA. A UN PRIMO M\u00cdO LO MATARON POR UN FALSO POSITIVO Y ERA UN ESTUDIANTE. NO DIGA GUEBONADAS"}, {"id": "1349723565348720641", "text": "@EduardBernstei1 @DanielSamperO desesperados porque ya no tienen m\u00e1s con qu\u00e9... Putas del gobierno..m"}, {"id": "1349723555714523136", "text": "@AlexLopezMaya @IvanDuque Sabe que opino yo? Que en esa hp Bogot\u00e1 no hay un malparido con dos cm de inteligencia , sabe por qu\u00e9? Porque esos hp no leen, no se informan y mucho menos estudiaron como era, feliz gobierno"}, {"id": "1349723553281810432", "text": "Presidente @IvanDuque en el 2021 qu\u00e9 hacemos con los colegios, en la ciudad el 51% de hogares tienen conectividad o computador, a nivel rural el 9%,  y no hay vacunas ni bioseguridad para colegios, la plata se fue en corrupci\u00f3n!\nNo hay #RentaB\u00e1sicaYa https://t.co/MJZpsWL6Q9"}, {"id": "1349723551910211584", "text": "Ustedes son muy j\u00f3venes para saberlo, pero en esta 'democracia' se gobern\u00f3 bajo estado de sitio por m\u00e1s de 50 a\u00f1os, la Constituci\u00f3n del 86 (Art. 121) permit\u00eda un gobierno absolutista sin control, @IvanDuque mantiene la emergencia sanitaria para gobernar por decreto, sin Congreso. https://t.co/z0yJoQ7ild"}, {"id": "1349723543425015809", "text": "@GUSMALDONADOS @JERobledo Vamos por el referendo 2021"}, {"id": "1349723541084786688", "text": "@richizuluaga @DanielSamperO @leocharrisg Fue, lleva 30 a\u00f1os en democracia. #sumemos."}, {"id": "1349723540027826176", "text": "@DanielSamperO @richizuluaga @leocharrisg \u00bfNo es Uribista, cierto? \ud83e\udd25 https://t.co/mtjEnMuKVC"}, {"id": "1349723538383491072", "text": "@AlvaroUribeVel Juajujauajua.. Solo faltan las vacunas...."}, {"id": "1349723537091801089", "text": "@CARLOSFMEJIA @AlvaroUribeVel El M19 de Petro s\u00ed era socio de Escobar, robaron la espada de Bol\u00edvar para su hijo y quemaron a los magistrados para borrar la historia criminal de este capo. \ud83d\ude44"}, {"id": "1349723506465009666", "text": "@AlexLopezMaya @IvanDuque Muchos catres corruptos ineptos este subpresidente Duque y su subgobierno mediocre"}, {"id": "1349723504862703617", "text": "@juanc_hernan @ClaudiaLopez @Bogota Canciller\u00eda, Presidente @IvanDuque , cuando autorizaron m\u00e9dicos cubanos para Medellin, Bogot\u00e1 y Cali?.. esto es ilegal"}, {"id": "1349723499900915712", "text": "@AlexLopezMaya @IvanDuque He ah\u00ed la confidencialidad del se\u00f1or duque, \u00bfqu\u00e9 m\u00e1s podr\u00edamos esperar de este personaje? Por qu\u00e9 seremos as\u00ed pana? Haciendo honor a la corrupci\u00f3n que nos carcome d\u00eda tras d\u00eda...\ud83e\udd26\u200d\u2642\ufe0f#FracasamosOtraVez"}, {"id": "1349723498084667400", "text": "@GranColombeia @IvanDuque Jajaja as\u00ed como puede dar las gracias x lo q venga en gana yo estoy en la libertad de re\u00edrme de lo q a mi me parezca una estupidez as\u00ed que bien pueda."}, {"id": "1349723497040408577", "text": "@AlvaroUribeVel Cual programa? Si no existe, se nos volvio chistoso el se\u00f1or"}, {"id": "1349723496314650625", "text": "@carlos46219445 @petrogustavo En Venezuela est\u00e1n vacunando con la vacuna rusa, que tiene Colombia?. Te pregunto yo!!!. Un animal fascista de presidente que nos dejara morir!!!. https://t.co/VL56vjzYvi"}, {"id": "1349723490287554561", "text": "@linnammaria @IvanDuque @RoyBarreras no caer un dron y acabarlo"}, {"id": "1349723489670934531", "text": "El M-19 de @petrogustavo y los hermanos pizarroz narcos y sicarios al servicio de Pablo Escobar. https://t.co/UtIDEHx6L0"}, {"id": "1349723488827957250", "text": "@Asfaltonauta_ @maryluzherran @DanielSamperO @leocharrisg Es sincera. \n\nValoro cuando alguien plantea exponer la verdad."}, {"id": "1349723467495702528", "text": "@IvanDuque @mindefensa @FuerzasMilCol la fuerza p\u00fablica no debe tener territorios vedados y donde los bandidos impongan su ley.\nhttps://t.co/2KFVa9UCNH https://t.co/qP78iA84Qg"}, {"id": "1349723464161259520", "text": "@richizuluaga @CharlyMunevar @DanielSamperO @leocharrisg @petrogustavo Wow que poco entiendes de la naturaleza humana. Un analis simplista y acomodado. Una pobre argumentaci\u00f3n digo de un tipo como ud."}, {"id": "1349723444334587910", "text": "@APadillaBossio @petrogustavo Esa es ! \ud83d\udc1d\ud83e\udd51\ud83d\udc1d\ud83e\udd51\ud83d\udc1d\ud83e\udd51\ud83d\udc1d\ud83e\udd51\ud83d\udc1d\ud83e\udd51\ud83d\udc1d\ud83e\udd51\ud83d\udc1d\ud83e\udd51\ud83d\udc1d\ud83e\udd51\ud83d\udc1d\ud83e\udd51\ud83d\udc1d\ud83e\udd51\ud83d\udc1d\ud83e\udd51\ud83d\udc1d\ud83e\udd51\ud83d\udc1d\ud83e\udd51\ud83d\udc1d\ud83e\udd51\ud83d\udc1d\ud83e\udd51\ud83d\udc1d\ud83e\udd51\ud83d\udc1d\ud83e\udd51\ud83d\udc1d\ud83e\udd51\ud83d\udc1d\ud83e\udd51\ud83d\udc1d\ud83e\udd51\ud83d\udc1d\ud83e\udd51\ud83d\udc1d\ud83e\udd51\ud83d\udc1d\ud83e\udd51\ud83d\udc1d\ud83e\udd51\ud83d\udc1d\ud83e\udd51\ud83d\udc1d\ud83e\udd51\ud83d\udc1d\ud83e\udd51\ud83d\udc1d\ud83e\udd51\ud83d\udc1d\ud83e\udd51\ud83d\udc1d\ud83e\udd51\ud83d\udc1d\ud83e\udd51\ud83d\udc1d\ud83e\udd51\ud83d\udc1d\ud83e\udd51\ud83d\udc1d\ud83e\udd51\ud83d\udc1d\ud83e\udd51\ud83d\udc1d\ud83e\udd51\ud83d\udc1d\ud83e\udd51\ud83d\udc1d\ud83e\udd51\ud83d\udc1d\ud83e\udd51\ud83d\udc1d\ud83e\udd51\ud83d\udc1d\ud83e\udd51\ud83d\udc1d\ud83e\udd51\ud83d\udc1d\n\ud83e\udd51\ud83d\udc1d\ud83e\udd51\ud83d\udc1d\ud83e\udd51\ud83d\udc1d\ud83e\udd51\ud83d\udc1d\ud83e\udd51\ud83d\udc1d\ud83e\udd51\ud83d\udc1d\ud83e\udd51\ud83d\udc1d\ud83e\udd51\ud83d\udc1d\ud83e\udd51\ud83d\udc1d\ud83e\udd51\ud83d\udc1d\ud83e\udd51\ud83d\udc1d\ud83e\udd51\ud83d\udc1d\ud83e\udd51\ud83d\udc1d\ud83e\udd51\ud83d\udc1d\ud83e\udd51\ud83d\udc1d\ud83e\udd51\ud83d\udc1d\ud83e\udd51\ud83d\udc1d\ud83e\udd51\ud83d\udc1d\ud83e\udd51\ud83d\udc1d\ud83e\udd51\ud83d\udc1d\ud83e\udd51\ud83d\udc1d\ud83e\udd51\ud83d\udc1d https://t.co/PNhuBgXkG0"}, {"id": "1349723433257607170", "text": "@SARGENTOCHALA @petrogustavo Si esta rodeado de r\u00e9moras eso quiere decir que no es muy inteligente, si fuera inteligente se dar\u00eda cuenta."}, {"id": "1349723432557174784", "text": "@AlvaroUribeVel Ahora el cartel mafioso de #DisidenciasDeFarc, fortalecido durante el gobierno de @IvanDuque sabotea las propuestas progresistas favoreciendo al cartel de gobierno. Les austa la legalizaci\u00f3n y el fin del narcotrafico.\nWatchout mr President @JoeBiden #ApoyoMafiosoDescarado https://t.co/dTT9GlW4gn"}, {"id": "1349723422587293698", "text": "@SemMonteria @gonzalezhoscar @infopresidencia @IvanDuque @caordosgoitia @monterialcaldia @Mineducacion Secretario vaya a los colegios de pueblo bujo, el conalco, ... A aplicar su modelo de alternancia sin internet y sin dispositivos, sin elementos de bioseguridad, sin un carajo."}, {"id": "1349723404174196743", "text": "@CamiloCasasC @AlvaroUribeVel @CeDemocratico Lo peor es que son para una fundaci\u00f3n del centro democr\u00e1tico \ud83d\ude05\ud83e\udd23\ud83e\udd23\ud83e\udd23\ud83e\udd23"}, {"id": "1349723402953773056", "text": "@Alfarero30 @ilusionesgitana @DonIzquierdo_ @sandiarebelde28 @IvanDuque Ellos son los causantes de estar inundados de COVID-19, de tener las urgencias y hospitales en su capacidad del m\u00e1s del 98 %, y de tener con mayor raz\u00f3n un riguroso proceso de vacunaci\u00f3n.. no sabemos con qu\u00e9 van a sabotear la jornada para que se crea un caso y se desperdicie"}, {"id": "1349723400693022722", "text": "@IvanDuque De que sirve tanta ley, si el sistema judicial esta plagado de corruptos como el nuevo magistrado."}, {"id": "1349723400420388871", "text": "@ArgiroCasta58 , como? Si el capo,el \u00fanico asesinato,robando,masacrando,narcotraficante,haciendo paramilitares,adoctrinado FFMM, para hacer de Colombia el centro del infierno,es el HP @AlvaroUribeVel ,con el exterminio de la UP,obvio sale a echarle la culpa a alma del Dr Barco. https://t.co/7n31EMb5SM"}, {"id": "1349723393298485249", "text": "@Andr3aBlanco @manantomec @DanielSamperO @richizuluaga @leocharrisg Ellos tres no son lo que el pa\u00eds necesita... son los mismo de 2018 que tiene al pa\u00eds como lo tiene..."}, {"id": "1349723383932596226", "text": "@SanchezPinedaA2 @1961Tokio @Samurai16157668 @HaIconn @kris_indignada @leonardo19741 @Dante27579076 @Fredypm @rosdabella @CarpinteroAlejo @Tropatriunfante @AlexRodrilobo @IIuminat @antoniovaldez6 @Fooros @CleoGKlein @Monknk1 @HUS07777781 @Viejis39 @RiegoPineda @saintmayo1981 @Klobo91 @RamadanMezVzla @Matrix666F @dpiloncita @OJOVENE @3lS0ld4d0R0j0 @SoyDiv0 @benito3fantomas @JovenJamie @lengusqui @MirafloresEl @Ecualenin @WilfredoNc @yaruabella @MarcosD52416136 @Freihei77513885 @thegreattiger @Lapiedraenelza4 @PXK25 @ChupaMediaBOLI1 @licpcruz2 @Florencia90102 @OnlineFighterVe @Casanay1910 @IvanDuque @mbachelet @Almagro_OEA2015 @ONU_es @ONU_derechos Mas de 330.000 muertes violentas en 20 a\u00f1os de r\u00e9gimen chavista. Esa es la cosecha del castrochavomadurismo asesino. A una media de 5 litros de sangre por cada asesinado, son: 1.650.000 litros derramadas por la revoluci\u00f3n cainita."}, {"id": "1349723343583375361", "text": "@AlexLopezMaya @IvanDuque Buscan toda forma de robar a los colombianos t\u00edpico de la extrema derecha"}, {"id": "1349723331151364099", "text": "@SARGENTOCHALA @petrogustavo Con lo adoctrinados que son los pertenecientes a las fuerzas armadas, ser\u00eda tonto intentar ganarse adeptos de gente que cree en el castrovhavismo y las FARC, y adem\u00e1s que siguen todos una l\u00ednea de mando completamente corrupta y uribista. Seria una p\u00e9rdida de tiempo."}, {"id": "1349723323589079044", "text": "@DanielSamperO @richizuluaga @leocharrisg El pr\u00f3ximo gran avance en materia pol\u00edtica, social y econ\u00f3mica ser\u00e1 olvidarse de Uribe, Petro y el s\u00e9quito de cada uno. Dejar atr\u00e1s izquierda, centro y derecha, y elegir a uno que no venga de Petro o Uribe... sin dejarnos echar cuentos o historias infundadas desde cualquier bando"}, {"id": "1349723317960376322", "text": "@petrogustavo Ayer mostraron los contratos ya firmados, deje de joder"}, {"id": "1349723316983132162", "text": "@DanielSamperO @richizuluaga @leocharrisg \ud83d\ude4b\ud83c\udffb\u200d\u2640\ufe0f\nNada peor que los dos mes\u00edas entre los que nos quieren limitar sus fan\u00e1ticos que les revienta la cabeza y son incapaces de entender que ambos nos parecen p\u00e9simos."}, {"id": "1349723316236427264", "text": "@DanielSamperO @richizuluaga @leocharrisg Ni Fajardistas, ni de ninguna parte."}, {"id": "1349723309227864064", "text": "@EDR_CD @IvanDuque El guerrillero Ivan (el de la foto) y Santrich proponen \"coalici\u00f3n para vencer al Uribismo\".\nAnte eso, con la convicci\u00f3n  que los de @CeDemocratico  estamos del lado correcto de la historia. \nFortalecidos para el 2022 \ud83d\udcaa https://t.co/yOXG7sjfNH"}, {"id": "1349723300465790977", "text": "@AlexLopezMaya @IvanDuque Corrupci\u00f3n"}, {"id": "1349723297429282819", "text": "@DanielSamperO @richizuluaga @leocharrisg Daniel, est\u00e1 bien resaltar voces que no comulguen con el #uripetrismo, pero hay que tener cuidado con radicalismos divergentes camuflados."}, {"id": "1349723286947520518", "text": "@VictorMosqueraM @AriasInocente @petrogustavo Ser\u00e1 que el dinero de los campesinos lo repartieron a ellos? Que falso rumor"}, {"id": "1349723270422130688", "text": "@DanielSamperO @richizuluaga @leocharrisg Por qu\u00e9 Daniel promueve una cuenta falsa que a diario difunde ODIO y ataques infundados contra @petrogustavo ? \n\nEs una cuenta administrada por \u00e9l mismo Daniel? https://t.co/i8Z068pz1c"}, {"id": "1349723264533352449", "text": "@AlexLopezMaya @IvanDuque RATAS HPTAS \ud83e\udd2c\ud83e\udd2c\ud83e\udd2c"}, {"id": "1349723261798670336", "text": "@petrogustavo Por favor @petrogustavo dej\u00e9 tanto espect\u00e1culo tanto show yo le apuesto que donde usted quede va a ser m\u00e1s o peor de fracasado que @ClaudiaLopez e @IvanDuque juntos \ud83d\ude44\ud83e\udd2b"}, {"id": "1349723255951618048", "text": "Ni Fajardistas, ni de ninguna parte. https://t.co/srWObizLcY"}, {"id": "1349723240768425986", "text": "Cuando le toman foto a @IvanDuque  con c\u00e1mara de 40 megapixeles https://t.co/vk6cLzxOwX"}, {"id": "1349723231360610305", "text": "@AlexLopezMaya @IvanDuque Pero que lindo!"}, {"id": "1349723229678665730", "text": "@AlexLopezMaya @IvanDuque Los se\u00f1ores corrupci\u00f3n... Uy menos mal nos salvaron de ser como Venezuela...."}, {"id": "1349723218458906624", "text": "@ingabrielc @MiguelAndrsDel2 @manantomec @DanielSamperO @richizuluaga @leocharrisg Sr usted no sabe debatir con argumentos,as\u00ed no se piense igual hay que tener un mismo rumbo como pueblo, de lo contrario seguir\u00e1n vulnerando nuestros derechos\u00bfporqu\u00e9 los de la derecha si se unen para poder llegar a su meta?Porqu\u00e9 apesar de sus diferencias tienen claro el objetivo"}, {"id": "1349723210305204224", "text": "@Colombi53313757 @petrogustavo La ignorancia gen\u00e9tica todo lo ve al rev\u00e9s, estudie se\u00f1or."}, {"id": "1349723193003667456", "text": "@DanielSamperO @richizuluaga @leocharrisg No soy tibio. Siempre convencido que #PetroPresidente2022"}, {"id": "1349723188209594368", "text": "@ma_camiladiaz @DanielSamperO @JohaFuentes Ac\u00e1 no pasa nada, la gente puede hacer lo que quiera comenzando por el gobierno, y no pasa nada ."}, {"id": "1349723187018252294", "text": "@richizuluaga @maryluzherran @DanielSamperO @leocharrisg una respuesta mentirosa e hip\u00f3crita. \ud83e\udd21"}, {"id": "1349723153627570177", "text": "Sin palabras https://t.co/ZRbFvievxQ"}, {"id": "1349723152247566336", "text": "@AlexLopezMaya @IvanDuque Eso tambien es un tumbe! Corrupts malparido!!"}, {"id": "1349723144634966019", "text": "El video de @IvanMarquezOfic no hace mas que desnudar el desastrozo gobierno de el Dr. Tocino, sin embargo ya salio @DanielSamperO a decir que manchaba la revocatoria con su alocucion, que peque\u00f1es mental, lo vio pero no lo entendio"}, {"id": "1349723144198758404", "text": "@jubuarango @IvanDuque @JERobledo Y por responsabilidad, viejo atravesado"}, {"id": "1349723124317745152", "text": "@AlexLopezMaya @IvanDuque Aquel tonto de la casa de Nari\u00f1o se muestra arrogante pagando de m\u00e1s,como pa otro detrimento patrimonial"}, {"id": "1349723120920363009", "text": "@Dianithss @PGN_COL @SandraFARC @Sergio_FARC @IvanDuque No siendo yo la \u00fanica persona con posibilidades de denunciar a cualquiera que contrar\u00ede la norma, creo que su apreciaci\u00f3n es equivocada."}, {"id": "1349723117757853698", "text": "@JERobledo @MinSaludCol Viejo imbecil, idiota y decrepito, ya se va a oponer a la vacunacion ? Que paquete idiota es ud @ELTIEMPO"}, {"id": "1349723113530003456", "text": "@AlexLopezMaya @IvanDuque El pueblo polombiano aguanta eso y mucho m\u00e1s - a eso estamos acostumbrados, a que se roben todo esos hps, que pasa pueblo indiferente."}, {"id": "1349723109893562369", "text": "@DanielSamperO @richizuluaga @leocharrisg Ud es un irresponsable enviando un mensaje equivocado a este pa\u00eds. \n\u00bfNo ve como estamos, el gobierno que tenemos y la situaci\u00f3n de los l\u00edderes sociales y ambientales?\nAc\u00e1 los extremistas son los que han saqueado - gobernado este pa\u00eds por m\u00e1s de dos siglos. Y ud culpa a Petro?"}, {"id": "1349723100292648967", "text": "@richizuluaga @maryluzherran @DanielSamperO @leocharrisg \"Soy de los que siempre defiende la verdad\" \n\ny severos chismes que se echa. \n\nHip\u00f3crita si no. https://t.co/89j47DuuDW"}, {"id": "1349723099609124867", "text": "#AIvanMarquezLeDigo que cada vez que aparece se convierte en el jefe de campa\u00f1a de @IvanDuque. En serio, parece contratado x el uribismo. La ineptitud del presidente nos tiene sin vacunas y est\u00e1 baboso sale a desviar el debate. #AIvanMarquezLeDigo Delincuente asqueroso"}, {"id": "1349723096136232962", "text": "@AlvaroUribeVel Jajajaja qu\u00e9 lindos como se donan plata a ellos mismos, y ni hablar de las declaraciones de renta en ese nido de ratas que llaman disque centro democr\u00e1tico \ud83e\udd26"}, {"id": "1349723069946994690", "text": "@petrogustavo Puro capitalismo"}, {"id": "1349723069322059776", "text": "@ArielAnaliza @elespectador @IvanDuque Totalmente de acuerdo, desde la campa\u00f1a de sab\u00eda que Iv\u00e1n Duque no ten\u00eda madera para ser el presidente, lo demostr\u00f3 en su primer a\u00f1o, luego lleg\u00f3 la pandemia y se escondi\u00f3 detr\u00e1s de una pantalla cumpliendo su sue\u00f1o de ser presentador de TV.\n\nY gobierno de @ClaudiaLopez est\u00e1 igual"}, {"id": "1349723065173872641", "text": "@lorenzmurcia @AlvaroUribeVel As\u00ed es.\nPor \u00e9sto\ud83d\udc47 los criminales m\u00e1s ATROCES d colombia y sus aliados lo odian tanto.\n@AlvaroUribeVel  libertador de colombia y padre de la patria. https://t.co/iicLCbDqTw"}, {"id": "1349723063558889477", "text": "@MJDuzan @petrogustavo @GustavoBolivar @SaninPazC @Betocoralg @LevyRincon d\u00e9mosle una mano https://t.co/PTs84WPWRX"}, {"id": "1349723054310649856", "text": "@donborji @DanielSamperO En estadio? \nJunior - Sporting (0-2)\n Ibamos en caravana como 20 de la cuadra"}, {"id": "1349723050279895041", "text": "@Rodrigo_Lara_ @HeMallarino A Cu\u00e1ntos de los 10 millones de idiotas \u00fatiles que votaron por el t\u00edtere @IvanDuque  habr\u00e1 que agradecerles esto?????"}, {"id": "1349723041341829120", "text": "@Carlosp00947688 @AlvaroUribeVel Es un orgullo combatir a la narcoguerrilla y a los PetroCepeda."}, {"id": "1349723034148487170", "text": "El presidente @IvanDuque hizo un llamado a no hacer politiquer\u00eda con las vacunas contra el COVID-19 https://t.co/TiVWIGkTc3"}, {"id": "1349723021078982661", "text": "@FondoAdaptacion @IvanDuque @CGR_Colombia Gracias al presidente Nobel de la Paz por cumplir el sue\u00f1o de miles de estudiantes de la zonas rurales. Una infraestructura educativa que mejora las condiciones educativas para los ni\u00f1os y ni\u00f1as de la regi\u00f3n."}, {"id": "1349723016213704709", "text": "@CamiloCruz616 @ghitis @petrogustavo Que gente tan enferma \ud83e\udd23\ud83e\udd23\ud83e\udd23 no dan ni pena"}, {"id": "1349723010366894080", "text": "@CaracolRadio @MigracionCol la aerol\u00ednea que lo transport\u00f3 debe asumir responsabilidad moral,  jur\u00eddica y econ\u00f3mica, porque rompi\u00f3 protocolos de seguridad y puso en peligro a m\u00e1s de 180 pasajeros por no exigir la prueba PCR antes del abordaje. @IvanDuque @BluRadioCo @lafm @VickyDavilaH @WRadioColombia"}, {"id": "1349723009582555138", "text": "@diosesoler @Bio_Saurus @petrogustavo No s\u00e9 est\u00e1 hablando de bienestar econ\u00f3mico, el enfoque es del odio racial hacia los sudamericanos, este trato humillante no tiene precio."}, {"id": "1349722974337818625", "text": "@DanielSamperO @SenorCaicedo @petrogustavo @richizuluaga  dice ser antiuribista y solo se dedica a insultar a petro. Lo gracioso es que se las da de liberal y adem\u00e1s social. Da risa... ."}, {"id": "1349722972378943490", "text": "@Bornpiolero @jrossone @carleal85 @West01Santiago @pulzo @MJDuzan @AlvaroUribeVel Ah pues el estribillo...los asesoran muchas personas...escarbando m\u00e1s de uno tiene un nexo con alguien que a su vez tiene un nexo con alguien que a su vez tiene un nexo, con alguien.......que a su vez tiene un nexo con Pablo Escobar. \u00a1El gran argumento! M\u00e1s originalidad."}, {"id": "1349722969547927557", "text": "@AlexLopezMaya @IvanDuque Terrible pero era esperado. Esta recua de abusivos le es dif\u00edcil salir con algo decent\u00e9. Y hay lambones que encima dicen que toca agradecerles."}, {"id": "1349722964179230720", "text": "@maniaurbana @AlexLopezMaya @IvanDuque Que cantidad de mong\u00f3licos"}, {"id": "1349722963126444034", "text": "Si el gobierno de @IvanDuque hubiera comprado vacunas con mucha anticipaci\u00f3n, sin conocer el resultado de las investigaciones de los laboratorios, el paquidermo @JERobledo le estar\u00eda haciendo una moci\u00f3n de censura al ministro de salud por detrimento patrimonial."}, {"id": "1349722950828699648", "text": "@CARLOSFMEJIA @AlvaroUribeVel Que pena con \u00e9l matarife, como van a decir que el autoriz\u00f3 la pista de aviones de Escobar."}, {"id": "1349722950027632646", "text": "@Lalo853 @JERobledo Los del CD si proponen para tenerlo clavadito mijo."}, {"id": "1349722943002128391", "text": "@DanielSamperO @richizuluaga @leocharrisg Recuerdo cuando los uribistas te dec\u00edan VIOLADOR y te indignaste\n\nAhora usas y promueven \u00e9sta cuenta falsa para decirle VIOLADOR a @petrogustavo ? https://t.co/pvHjJzXfsy"}, {"id": "1349722941995548675", "text": "@PizarroMariaJo @IvanDuque T\u00edpico de este mediocre y mal presidente."}, {"id": "1349722929597177857", "text": "@DanielSamperO @richizuluaga @leocharrisg \u00d3sea tibio .... como usted @DanielSamperO  o como @sergio_fajardo  ...... \ud83e\udd14\ud83e\udd14\ud83e\udd14\ud83e\udd14"}, {"id": "1349722928540241920", "text": "@YoAlejoV @DanielSamperO @leocharrisg Tibio report\u00e1ndome!!!"}, {"id": "1349722922013896706", "text": "@AlexLopezMaya @IvanDuque bruto de brutos usted ya le respondieron lea Inf\u00f3rmese y los asteriscos son pa algo no pa cagar solamente."}, {"id": "1349722919878995969", "text": "@CarlosCarrilloA @DanielSamperO En Colombia hay esc\u00e1ndalos de corrupci\u00f3n donde \"los danieles se hacen los danieles\", tambi\u00e9n hacen de chayoteros."}, {"id": "1349722914539630594", "text": "@petrogustavo @AidaAvellaE @GustavoBolivar @SandraFARC @IvanCepedaCast @RoyBarreras @SandinoVictoria @AABenedetti @AlexLopezMaya \n@wilsonariasc \n@DavidRacero \n@PizarroMariaJo \n@HOLLMANMORRIS \n@AUGUSTOOCAMPO\n@EpicuroDeSamos_ \n@migueldelrioabg\n@Uriasv y todos en general.\nRT porfa."}, {"id": "1349722911549005824", "text": "@DanielSamperO @richizuluaga @leocharrisg Un INDULTO no hace INOCENTE y mucho menos DIGNO Y DECENTE a nadie. Si te quemaste las pesta\u00f1as estudiando y no entiendes algo tan sencillo como esto,mis amigos no est\u00e1n en nada,pero nada es nada. Confiar en PETRO es igual a confiar en el CASTROCHAVISMO."}], "meta": {"newest_id": "1349723611775397898", "oldest_id": "1349722911549005824", "result_count": 100, "next_token": "b26v89c19zqg8o3foshvhes3r4acpsd4kljz4it5z9dod"}}