{"data": [{"id": "1349725628933652486", "text": "Me satisface saber que la salud del @mindefensa Dr @CarlosHolmesTru est\u00e1 en buen estado. \nDif\u00edcil desconocer que el Ministro Trujillo, es un hombre de espesa coyuntura para el Prte @IvanDuque en los actuales momentos del pa\u00eds."}, {"id": "1349725628774420480", "text": "@Marcos82862365 @JimmyPsicol @petrogustavo No, 20 a\u00f1os no,,,comenzando mucho antes de las masacres de las bananeras,  y los territios nacionales m\u00e1s de 60 a\u00f1os de masacres....Pero Dios har\u00e1 justicia!!!! ! Desde cuando???"}, {"id": "1349725618657611777", "text": "@CARLOSFMEJIA @AlvaroUribeVel Pero Publique las del \u00d1e\u00f1e Hern\u00e1ndez esas si no son montajes"}, {"id": "1349725611187707904", "text": "@DiegoFigueroaVa @IvanDuque No se le puede pedir m\u00e1s al tonto ese"}, {"id": "1349725610650820608", "text": "@AndresTrigos @petrogustavo @AurelioSuarez Q es municipalizaci\u00f3n de vacunas ..?"}, {"id": "1349725606171332608", "text": "@RevistaSemana Diego Duv\u00e1n Carrillo ya perdi\u00f3, es muy f\u00e1cil demostrar que @IvanDuque es un cerdo."}, {"id": "1349725601058357250", "text": "@millersoto @PGN_COL @SandraFARC @Sergio_FARC @IvanDuque Jajajajajajajaja.... gracias por tu comprensi\u00f3n, beb\u00e9!"}, {"id": "1349725600416579591", "text": "\ud83c\udfa5Esta semana en nuestro noticiero #CANen1Minuto\n\n\u2705 #ComunidadAndina anuncia metas para el 2021.\n\u2705 Presidentes @IvanDuque y @Lenin reafirman compromiso con el organismo.\n\u2705 Se intensificar\u00e1 trabajo para lograr aprobaci\u00f3n del Estatuto Migratorio Andino. https://t.co/jwYsyTMacZ"}, {"id": "1349725587410194432", "text": "@vanewadelatorre  reflexiones Oswaldo Restrepo\n@MinSaludCol  @NoticiasCaracol @IvanDuque @ClaudiaLopez Los sitios de vacunaci\u00f3n deben tener equipos m\u00e9dicos especializados para atender efectos adversos como sucedi\u00f3 con 200 c as dos en el primer mill\u00f3n de vacunados en EEUU."}, {"id": "1349725580892098560", "text": "@EstebanQuinti @CarlosCarrilloA @DanielSamperO ...Y es que no se trata de Gustavo Petro.\n\nCuando surja  un pol\u00edtico igual o m\u00e1s de tibio que el pero igualmente desestabilizador del estatus quo lo van a demonizar tambi\u00e9n.\n\n Lo van a graduar de polarizador, de violento y de mes\u00edas y as\u00ed mismo lo apedrear\u00e1n."}, {"id": "1349725536885604353", "text": "@jflafaurie @PartidoFARC Y como le parecen las fotos de @IvanDuque con el narcotraficante \"\u00d1e\u00f1e Hern\u00e1ndez\"?"}, {"id": "1349725533014134784", "text": "@JuanPelaez1027 @ingabrielc @manantomec @DanielSamperO @leocharrisg He tenido muchos debates con gente contradictora."}, {"id": "1349725532452225027", "text": "@JuanPabloMorris @carlos21102014 Daniel promueve una cuenta falsa que a diario difunde noticias falsas sobre @petrogustavo \n\nNo ser\u00eda raro q @DanielSamperO sea el administrador de ese perfil.\n\nRecuerdo q el fue v\u00edctima de acusaciones de VIOLADOR x parte del uribismo, hoy hace lo mismo contra @petrogustavo https://t.co/qEu2y351vE"}, {"id": "1349725521525895168", "text": "se\u00f1or @DanielSamperO por estos abusos apoyo a petro usted y sus amigos tibios sigan en su burbuja de creersen m\u00e1s papas que el mismo papa si me quiere tildar de petrista  lo soy pero lo que si es cierto es que apoyo a la Colombia Humana https://t.co/Gwb7DKZE6f"}, {"id": "1349725513057615874", "text": "@DanielSamperO @richizuluaga @leocharrisg Tibio jamas se\u00f1or @DanielSamperO"}, {"id": "1349725510234943488", "text": "@DanielSamperO Yo creo que fue el HP de Uribe el que lo mand\u00f3. Eso piensas? Eso piensa Petro? o le da\u00f1aron la Carrera a Roy?"}, {"id": "1349725502991429632", "text": "@5juancho @DanielSamperO Es una de dos, una tingua azul, ave migratoria o el esp\u00edritu de Ch\u00e1vez (milagros existen) en cualquiera de las dos hay que cuidarle y liberarla en medio pantanoso, que es su habita."}, {"id": "1349725501523451905", "text": "@DanielSamperO @richizuluaga @leocharrisg \"para hacer hilo\"\nSer\u00e1 para hacer aguamasa jajaaj tibio hijueputas ... ajajjaja"}, {"id": "1349725493822570499", "text": "Por qu\u00e9, seguidores de @petrogustavo POR QU\u00c9 ? https://t.co/SpEIOCRhO1"}, {"id": "1349725477074776064", "text": "@ingabrielc @manantomec @DanielSamperO @richizuluaga @leocharrisg Est\u00e1 leyendo con la pasi\u00f3n.  \n\nCon cada pol\u00edtico uno debe revisar\n- Hoja de vida\n- Gesti\u00f3n en cargos pasados\n- Propuestas, ideolog\u00eda y causas que defiende \ud83d\udd18\n- Planes para ejecutar  propuestas\n\nY si la decisi\u00f3n queda entre dos personas que no le gustan debe guiarse por \ud83d\udd18"}, {"id": "1349725468287770625", "text": "Rid\u00edculo lo que acaban de mencionar en @WRadioColombia en el sentido que @IvanDuque le va a quitar vacunas a las ciudades que compren. O sea en Colombia se vacunan 30 millones y ni uno m\u00e1s y las ciudades no pueden ayudar, porque el cr\u00e9dito es solamente para \u00e9l?"}, {"id": "1349725466404466688", "text": "@DanielSamperO @richizuluaga @leocharrisg Ja ja ja dizque \"centro\"!! Godarria proestablecimiento camuflada en cr\u00edticas tibias, son igual de responsables que el oficialismo de la debacle actual de Colombia!"}, {"id": "1349725453116821504", "text": "Inepta, Incapaz, Indolente\ud83e\uddb9\u200d\u2640\ufe0f\ud83d\ude8c\ud83e\udda0\ud83e\udd77\n@ClaudiaLopez \ud83d\udde3\ufe0f\ud83d\udc0d\ud83c\udfad\ud83d\udcfa\ud83e\udd39\ud83d\udcfb\ud83e\udddb\u200d\u2640\ufe0f\ud83c\udf3b@angelamrobledo @AngelicaLozanoC @DeLaCalleHum @AdrianaCordoba_ @mjsarmientoa @JERobledo @maferojas \n@MMMaldonadoC @SaraTufanoZ @susanamuhamad @PizarroMariaJo @MafeCarrascal  @CathyJuvinao @MJDuzan \n@jsanchezcristo https://t.co/IzLOsNA8BL"}, {"id": "1349725451959345152", "text": "@pulzo @IvanDuque Por eso es que Uribe los necesita.\n\nY ellos lo saben"}, {"id": "1349725448650022912", "text": "@petrogustavo \u00c9sto es enserio? Ahora resalta como acto heroico los asesinatos, extorsiones, matanzas e inclusive narcotr\u00e1fico que realiz\u00f3 el M-19, que hip\u00f3crita es Petro, es el propio camale\u00f3n"}, {"id": "1349725443880935430", "text": "@AurelioSuarez @ColombiaHumana_ @IvanDuque Cuando se tienen varios jefes que no se ponen de acuerdo pasa esto, el Presidente no es el que gobierna, por eso anda de un lado a otro sin un rumbo claro"}, {"id": "1349725430908026881", "text": "@AntonellaCurad4 @IvanDuque @JulianRoman .....es de muy poca inteligencia un sujeto, que en gran parte su \u00e9xito actoral, se debi\u00f3 a un publico sin distingos pol\u00edticos, hoy, con su activismo de Izquierda, se atreva, como lo ha hecho con la derecha, a tratar as\u00ed al Presidente de la Rep\u00fablica y sus ministros. Mala persona"}, {"id": "1349725393138249737", "text": "@EpicuroDeSamos_ @DanielSamperO @richizuluaga @leocharrisg El centro no es m\u00e1s que una absoluta verg\u00fcenza."}, {"id": "1349725382979715073", "text": "@Dassler1804 @AlexLopezMaya @IvanDuque No falta el que defienda lo indefendible \ud83e\udd26"}, {"id": "1349725382002532353", "text": "@petrogustavo @petrogustavo especialista en varios temas, epidemi\u00f3logo. \"Mis respetos se\u00f1or\". \nSe imaginan a este \"magnate\" negociando las vacunas como negocio camiones chatarra.\ud83e\udd14 https://t.co/O0jTM4HhLH"}, {"id": "1349725373349703687", "text": "@AlexLopezMaya @IvanDuque Se observa una clara mano oscura, mafiosa y por dem\u00e1s corrupta que se queda con una muy buena tajada de esa negociaci\u00f3n y lo peor hay cualquier @Zuletalleras que lo defiende y le da gracias. Que se retuerzan en el infierno, miserables."}, {"id": "1349725357813899268", "text": "@ma_camiladiaz @DanielSamperO @JohaFuentes Denunciar.. y esperar a que la justicia haga su trabajo.. ya sabe que no son magos ni la realidad se vive como en CSI.."}, {"id": "1349725342043303939", "text": "@petrogustavo Cuantos polic\u00edas y militares mataste por haber elegido una vida militar talves llevados por falta de oportunidades????"}, {"id": "1349725341028392966", "text": "@DanielSamperO @richizuluaga @leocharrisg SOY PETRISTA Y COMUNISTA!! https://t.co/ODKPymO7KK"}, {"id": "1349725332123734021", "text": "\ud83e\udd19\ud83c\udffb\ud83d\ude4f\ud83c\udffbGracias sr presidente @IvanDuque  @MinSaludCol por suplir a Bogot\u00e1 de todas estas camas UCI , y no dejarlo en la ineptitud de @ClaudiaLopez   @Bogota \ud83e\udd14\ud83e\udd10\ud83d\ude41\ud83e\udd72\ud83e\udd72\ud83e\udd72\ud83e\udd72 https://t.co/wY4qwxKTBA"}, {"id": "1349725311504584709", "text": "@IvanDuque @MinSaludCol @MinInterior Mandandonos a la quiebra, eso es lo que est\u00e1n intensificando... Disque toque de queda un viernes a las 7 am y los d\u00edas de trabajo quien nos los va a pagar? El gobierno??? A los independientes nadie nos paga nada. Mientras los mandatarios asigan recursos p\u00fablicos a ferias inutiles"}, {"id": "1349725301522239488", "text": "Definitivamente esa gente est\u00e1 por fuera de la juridicidad... \u00a1Agarre a estos delincuentes de pacotilla @IvanDuque, cumpla su deber! (\u00a1Ah, y c\u00famplale el Acuerdo al resto mayoritario de los excombatientes!) https://t.co/h6pE2oxwtF"}, {"id": "1349725301362737155", "text": "@obregi @EusebioLeal2 @yesid977 @alex_guaza @juliansolish @AlexLopezMaya @MarcelWorldd @IvanDuque @larepublica_co Es muy bravo detr\u00e1s de un celular, pero si, al menos deber\u00eda moderar el lenguaje por la platica que se gana, pero que m\u00e1s se podr\u00eda esperar."}, {"id": "1349725295499210758", "text": "Gustavo, pero lo que su bancada en el concejo propone es justo ir en el sentido que usted critica, seguir fraccionando la compra, entonces???\nhttps://t.co/K7KzzT88j1"}, {"id": "1349725288062726144", "text": "@millersoto @PGN_COL @SandraFARC @Sergio_FARC @IvanDuque Confirmado. Este Man le jala al bazuco..."}, {"id": "1349725280563208197", "text": "@musicalia917 @GioOvalle2 @IvanDuque @MinSaludCol @MinInterior Musicalia chupa medias est\u00e1s en la mermelada o que"}, {"id": "1349725264784224257", "text": "@Nanfild @AlexLopezMaya @Sopadebanano @IvanDuque No se\u00f1or, el asterisco hace referencia a la negociaci\u00f3n con Pfizer, no al valor de AZ"}, {"id": "1349725264473845769", "text": "@AlvaroUribeVel Otro tarado diciendo idioteces.\nCual programa de vacunaci\u00f3n? No existen ni las vacunas ni los contratos ni salvar personas ni nada.\nComo buen mit\u00f3mano se cree sus propias mentiras para seguir enga\u00f1\u00e1ndonos.\nMiserable."}, {"id": "1349725259256254464", "text": "@AlvaroUribeVel Ni dando condolencias a curas te limpias. Ya eres la representaci\u00f3n de la pol\u00edtica de la Colombia que no queremos: arrogante, centralista en su manejo y populista en su propaganda, rodeada de oscuros lazos y sangre, mucha sangre"}, {"id": "1349725257133944835", "text": "@hectorhoraciova @petrogustavo Cuando el Socialismo deje de ser un anhel\u00f3 de muchos y el \"Neoliberalismo\" sea la forma de gobierno en este pantanal."}, {"id": "1349725249349292033", "text": "@AlvaroUribeVel Que va a destacar si aqui"}, {"id": "1349725247675617280", "text": "@AlexLopezMaya @IvanDuque El cerdo pusil\u00e1nime de Duque es un hijo de puta."}, {"id": "1349725236057411592", "text": "@EDR_CD @IvanDuque Eso ser\u00eda v\u00e1lido si viniera de un partido no cuestionado por precisamente por di\u00e1fano.. ni en la elecci\u00f3n ni por los narco amigos q compraron votos.. ya tienen eso claro? O con plastilina? @MabelLaraNews @velascoluisf @AntonioSanguino @PizarroMariaJo"}, {"id": "1349725227002036224", "text": "@Charamko @petrogustavo Un guillo m\u00e1s pal infierno"}, {"id": "1349725223784902660", "text": "@PattyRoesel @EduardoLuger @PaoHerreraC @AUGUSTOOCAMPO @DanielSamperO @DCoronell @lopezjosedaniel @JuanPabloCalvas @MJDuzan Pero a esa si le dieron el visto bueno, \u00bfcon qu\u00e9 criterio unas si y otras no a pesar de no estar aprobadas por la FDA? Se excluye la Sputnik solo por ser rusa aunque sea m\u00e1s econ\u00f3mica que la de Pfizer. https://t.co/eWBlWa6KO4"}, {"id": "1349725213622091782", "text": "@JuanGodev @DanielSamperO @richizuluaga @leocharrisg T\u00edpico descerebrado izquierdoso, utilizando la cabeza pa dar cabezazos"}, {"id": "1349725167329681409", "text": "@jarizabaletaf De seguro el candidato es @petrogustavo ya saben de que lado est\u00e1n los que votan por est\u00e9 se\u00f1or."}, {"id": "1349725162372030464", "text": "@donborji @DanielSamperO Argentinos Junior Vs. Hurac\u00e1n, cuando repet\u00edan el f\u00fatbol argentino por canal 3 los viernes en la noche. Antes (creo) del telematch"}, {"id": "1349725160497008642", "text": "@JaderGuerra @petrogustavo Persona que no sabe lo que pasa en su pa\u00eds!!!. https://t.co/UWHsKjmVff"}, {"id": "1349725155841466370", "text": "@manolitosalazar @IvanDuque @RoyBarreras Manolito, del \u00e1rbol ca\u00eddo ,todos quieren hacer le\u00f1a."}, {"id": "1349725107543961607", "text": "@naturalpluss @BluRadioCo @petrogustavo @GustavoBolivar Entonces Iv\u00e1n Duque es cerdo?"}, {"id": "1349725094252261377", "text": "@verdolaga2323 @petrogustavo Mi cafuche , sobre todo el faro moral q representa la foto d su perfil \ud83d\ude01\ud83d\ude01\ud83e\udd23\ud83e\udd23"}, {"id": "1349725092637405188", "text": "@MauroToroO @DanielSamperO @IvanDuque @GustavoBolivar @CamaraColombia @elespectador @CathyJuvinao @PartidoVerdeCoL @ma_camiladiaz @WRadioColombia Ese hp @IvanDuque  no sabe de qu\u00e9 le hablan."}, {"id": "1349725085742063617", "text": "@carlosma89 @IvanDuque Le creo mas a d1 con su DESENGRASANTE.. QUE HPTA TAN BUENOOO..."}, {"id": "1349725068180373510", "text": "@EusebioLeal2 @yesid977 @alex_guaza @juliansolish @AlexLopezMaya @MarcelWorldd @IvanDuque @larepublica_co Entonces como \u201cpodr\u00eda valer 2 d\u00f3lares\u201d afirm\u00e1ndolo en CEO de la compa\u00f1\u00eda y los dem\u00e1s la pagan a maximo 5, sigamos defendiendo al gobierno que los paga a 21. \n\nhttps://t.co/5txMHDZOtm\n\nhttps://t.co/qY6F0Q5wwh"}, {"id": "1349725061800931329", "text": "@DanielSamperO @richizuluaga @leocharrisg Definir a personas como seguidores de lideres es irrespetuoso, aunque sea su concepto de la pol\u00edtica. No soy ni Uribista, ni Petrista, defiendo la vida, la dignidad, la paz, la democracia, el ambiente, la igualdad y la equidad, por eso  me declaro PROGRESISTA y votar\u00e9 por Petro."}, {"id": "1349725061717118977", "text": "@5juancho @DanielSamperO Es una Tingua que est\u00e1 en migraci\u00f3n,llame a estos n\u00fameros y pasan por ella https://t.co/JTRmrFViM0"}, {"id": "1349725050782560256", "text": "@AlexLopezMaya @IvanDuque \u00bfPacho santos no fue el super negociador que mando el gobierno?"}, {"id": "1349725048517615617", "text": "@AlexLopezMaya @IvanDuque En Reficar compraban la unidad de puntilla en $20.000..... Que cuando caiga el meteorito le apunt\u00e9 a este infierno tropical."}, {"id": "1349725041047572482", "text": "#Nacional \u279f El presidente de la Rep\u00fablica, @IvanDuque explic\u00f3 que un nuevo decreto establece el Aislamiento Selectivo con Distanciamiento Individual Responsable hasta el 28 de febrero de la mano con la emergencia sanitaria. https://t.co/9zMnSl4rIV"}, {"id": "1349725031782223872", "text": "@DanielSamperO De acuerdo, si Ivan M\u00e1rquez nos quiere hacer un favor, porque no sale y recomienda las columnas de @DanielSamperO"}, {"id": "1349725029202874375", "text": "@absurdo10 @PGN_COL @SandraFARC @Sergio_FARC @IvanDuque Es arrogante creerse con la facultad de conocer la motivaci\u00f3n de quien no conoces. Pero si eso te anima, es tu l\u00edo."}, {"id": "1349724996889931776", "text": "@DanielSamperO @richizuluaga @leocharrisg #NiUribeNiPetro carajo!"}, {"id": "1349724996885626883", "text": "@DanielSamperO @richizuluaga @leocharrisg Se pifio en esa parcero"}, {"id": "1349724992083292160", "text": "@CancinoAbog @petrogustavo @PartidoFARC @AlejandroChar El tinterillo del uribismo no defrauda.\nYa casi le llega la plata para el avi\u00f3n, como a De la Espriella."}, {"id": "1349724990292299776", "text": "@DanielSamperO @richizuluaga @leocharrisg Terrible que usted le siga haciendo eso al pa\u00eds. Como se iguala a un asesino como Uribe con un mal administrador? No es lo mismo y nunca lo ser\u00e1."}, {"id": "1349724980829773825", "text": "@jotatriada @Lindauer1991 @petrogustavo @RonaldMonteale4 @ndrescolombia @EngCamilo11 @Daniel_VM64 @maferpradorubio @amerikamillares @marmmau @DiegoBotNorrea @EsojSiul13 @Norfenini @ELJUANDACC @SheilaYi @Damadifri @Sinvaum @ArielAntiU @ConAlejo2 @merv59 @luisvarela888 @arfisica @Aemon3428 @caballicero1 @ProfeWalo @HENRIQUEAM_51 @francis20836451 @ZaparanPablo @oswaldiny2001 @CathyJubilao @frarojasa @EdisonGonzalez8 @091969 @ABONIEMNS @Profe_Mas @carandre9 @elsercastilloav Seguido, espero tu seguimiento de vuelta :)"}, {"id": "1349724974391693312", "text": "@CARLOSFMEJIA @RespetenElPais @AlvaroUribeVel Todav\u00eda usan esos montajes?... Claro, hay muchos que se comen el cuento"}, {"id": "1349724973372329985", "text": "@richizuluaga @DanielSamperO @leocharrisg Claro q el Uribismo se sataniza solo \ud83e\udd23\ud83e\udd23"}, {"id": "1349724968175759362", "text": "@ansiolitico_ @IvanDuque @COL_EJERCITO @ArmadaColombia Jajaja ombee @adrimeza_20 que tal esto \ud83e\udd14\ud83e\udd14\ud83e\udd14"}, {"id": "1349724950643392515", "text": "@AlvaroUribeVel Jajajajajajajaajaja Alvarito hpta eso est\u00e1 re embolatado por este lado y usted saben a decir semejante estupidez"}, {"id": "1349724941130756104", "text": "@AlirioUribeMuoz @IvanDuque @AntonioSanguino @AlexLopezMaya @angelamrobledo @AdrianaLucia @AidaAvellaE @Margaritarosadf @WRadioColombia @petrogustavo @PublimetroCol @lasillavacia HABLE CON SUS AMIGOS, A ELLOS ES QUE DEBE DECIRLES QUE NO ASESINEN M\u00c1S, NO AL PRESIDENTE! TIRAN LA PIEDRA Y ESCONDEN LA MANO! https://t.co/N9n3u6nEgr"}, {"id": "1349724934071840768", "text": "@AlexLopezMaya @c40906644 @IvanDuque Ese dato es cierto? Que descaro"}, {"id": "1349724921702842369", "text": "@xiaomistafan @JERobledo Es q nosotros los humanos normales,no podemos entender tanto como entienden los super inteligentes mamertos,q todo lo saben."}, {"id": "1349724915109228547", "text": "@AlexLopezMaya @IvanDuque Un atraco y un atracador"}, {"id": "1349724909161865216", "text": "@pulzo @IvanDuque Vamos por el exterminio de marquez"}, {"id": "1349724881638682624", "text": "@1974bogotano @millersoto @PGN_COL @SandraFARC @Sergio_FARC @IvanDuque Pues haga lo mismo y vaya y denuncie, sencillito no?."}, {"id": "1349724876614098946", "text": "@AlexLopezMaya @JulianEnriqueGo @IvanDuque Que hay gato encerrado"}, {"id": "1349724871283019778", "text": "@BluRadioCo La @FiscaliaCol est\u00e1 ratificando que @IvanDuque si es un cerdo"}, {"id": "1349724851116752900", "text": "@WRadioColombia @SenorCaicedo Y para cuando lo mismo en colombia para\n@AlvaroUribeVel \n@ernestosamperp \n@AndresPastrana_ \n@IvanDuque"}, {"id": "1349724851016265735", "text": "@AlvaroUribeVel Mira lo que encontr\u00e9... Un s\u00faper montaje \n#UribistaSigueUribista \n#UribeAcepte \n#paronacional\n#mamerto \n#SigamonosLosBuenos2020 https://t.co/rC9msLW4O9"}, {"id": "1349724849501978627", "text": "@LUISAM66046504 @IvanDuque @CorteSupremaJ Cuando nos van a vacunar y estamos en pleno pico.. ves la diferencia??"}, {"id": "1349724833622343680", "text": "@ElQueLosDELATA Me pasa igual con el honorable bandido e innombrable corrupto @AlvaroUribeVel, \u00e9l es un peligroso delincuente que anda disfrazado de pol\u00edtico. Debemos dejar los eufemismos y empezar a tratarlo como lo que siempre ha sido, un hpta bandido."}, {"id": "1349724829520261122", "text": "@richizuluaga @DanielSamperO @leocharrisg Si, mejor la pluralidad, pero sin satanizar a los dem\u00e1s. Las tercer\u00edas q se montan sobre demonizar a los otros terminan igual q los \u201cotros\u201d"}, {"id": "1349724822691958785", "text": "@natiibedoya Y la que derrocha @IvanDuque en sus emisiones todos los d\u00edas, la puede invertir en m\u00e1s camas UCI. Y medicamentos, salario para m\u00e9dicos y enfermeras. \nEsa habladera de paja todos los d\u00edas no nos sirve porque, no habla nada de servicio aqu\u00ed son los hechos palabrer\u00edas para que..?"}, {"id": "1349724818623459328", "text": "@EmiroVillegas @petrogustavo Claudia = Uribe, no se dejen enga\u00f1ar, el resultado ser\u00e1 el mismo."}, {"id": "1349724805344370691", "text": "@DanielSamperO @richizuluaga @leocharrisg \u00a1,Olvidate que vamos aceptar tu embutidos\u00a1\n@PoloDemocratico\n@sergio_fajardo \n@DCoronell \n@PartidoVerdeCoL \n@AProgresista_ https://t.co/Xzwy4A3hef"}, {"id": "1349724792262311938", "text": "@CARLOSFMEJIA @AlvaroUribeVel Pero de qu\u00e9 le facilit\u00f3 las pistas y colabor\u00f3 con ese \"emprendimiento\" si est\u00e1 m\u00e1s que comprobado, lo sabemos todos, hasta ustedes."}, {"id": "1349724783777349634", "text": "@JuanJos56268410 @petrogustavo @HOLLMANMORRIS El que nos deja sin vacuna es duque, solapado. Arrastrado... Si le pagan loka?"}, {"id": "1349724783630450688", "text": "@SARGENTOCHALA @petrogustavo Pues no se diga m\u00e1s sargento... sargento salve ud la patria !!!"}, {"id": "1349724782804279299", "text": "@Paticog69 @petrogustavo Ave Mar\u00eda jajaja de por dios"}, {"id": "1349724771605483520", "text": "@AlexLopezMaya @IvanDuque Super estos congresistas nuestros haciendo pol\u00edtica y nombre con la salud p\u00fablica y eso que son los \"buenos\" imag\u00ednese que no est\u00e1n haciendo los malos..."}, {"id": "1349724768061202433", "text": "@VickyDavilaH Excelente, Presidente @IvanDuque \n\ud83d\udc4f\ud83d\udc4f\ud83d\udc4f\ud83d\udc4f\ud83d\udc4f\ud83d\udc4f\ud83d\udc4f\ud83d\udc4f\ud83d\udc4f\ud83d\udc4f\ud83d\udc4f\ud83d\udc4f\ud83d\udc4f\nEste criminal tuvo la oportunidad d arrepentirse y cambiar su asquerosa vida y no lo hizo."}, {"id": "1349724767545245697", "text": "Que comodo expedir decretos de confinamiento, toques de queda y ley seca, sin tocar ni resolver los problemas de trabajo, ingreso y alimentaci\u00f3n de millones de personas que se ven afectadas.\n\n@IvanDuque @ClaudiaLopez @JorgeIvanOspina @QuinteroCalle"}, {"id": "1349724757600645121", "text": "El amargo juicio pol\u00edtico de Trump podr\u00eda empantanar los primeros d\u00edas de Biden https://t.co/kYBeNOcESB v\u00eda @corrillosr @JoeBiden @magnateUSA @infopresidencia @IvanDuque @AlvaroUribeVel @JuanManSantos @MAguilarHurtado @DidierTaveraA @RICHARDAGUILARV"}], "meta": {"newest_id": "1349725628933652486", "oldest_id": "1349724757600645121", "result_count": 100, "next_token": "b26v89c19zqg8o3foshvhes3u53xogeiv1c2wilnfy0e5"}}