{"data": [{"id": "1349557837777797120", "text": ".o. Gobierno Nacional, el @Mineducacion y @MinHacienda incumplen los acuerdos con los maestros. @IvanDuque @VictoriaBxE #DuqueHonreAcuerdos #FirmeDecretoCursos @fecode"}, {"id": "1349557808015007746", "text": "#EsLaHoraDeIbagu\u00e9|\n\ud83d\udce3 Gracias al Se\u00f1or Presidente @IvanDuque por escuchar el llamado de ayuda que hicimos junto al Alcalde de Ibagu\u00e9 @Andreshurtado_7 \ud83e\udd1d\ud83c\udffb\n\nLas 150 familias damnificadas por la emergencia registrada hace pocos d\u00edas en el barrio Baltazar, tendr\u00e1n vivienda gratuita https://t.co/PxCVDAkcYK"}, {"id": "1349557806530240512", "text": "La seguridad democr\u00e1tica de @IvanDuque y @mluciaramirez masacres con criterio social. \ud83d\ude12 https://t.co/6bqX8vYe3a"}, {"id": "1349557787886575616", "text": "Gobierno Nacional, el @Mineducacion y @MinHacienda incumplen los acuerdos con los maestros. @IvanDuque @VictoriaBxE #DuqueHonreAcuerdos #FirmeDecretoCursos @fecode .o."}, {"id": "1349557783469961216", "text": "@IvanDuque ya habr\u00e1 buscado 'cara de bobo' en Google?"}, {"id": "1349557774989058049", "text": "@petrogustavo Yo no se\u00f1al\u00f3 ni jusgo a nadie todos cometemos errores pero es falso creer si vamos a ver la iglesia cat\u00f3lica en el pasado cometi\u00f3 actos b\u00e1rbaro vos y s\u00e1dicos y a\u00fan as\u00ed hoy la siguen admirando"}, {"id": "1349557769301594112", "text": "@msilvaazul @DanielSamperO Sevir\u00e1 esta? https://t.co/5aPqDPKYGp"}, {"id": "1349557765644152832", "text": "@millersoto @henrylopeza @PGN_COL @SandraFARC @Sergio_FARC @IvanDuque \ud83d\udc4f\ud83d\udc4f\ud83d\udc4f para @millersoto, tiene toda la raz\u00f3n, faltaba que alguien moviera al ente de control."}, {"id": "1349557759730188293", "text": "@intiasprilla @IvanDuque Que Control Estas Ejerciendo Sobre La Bellaca De Tu Partido Politico Claudia Lopez, Eh?"}, {"id": "1349557754931924993", "text": "@yolallamo3 @JoseLar23648764 @RafaMarmolejo5 @UranRigoberto @CeDemocratico @PARTIDODELAU @AlvaroUribeVel @AlarconUbaldo16 @ValenciaGuille8 @germant89159208 @Rech68 @JorgeBejarano1 Do\u00f1a Juana estamos mal informadas... Veo mucha conveniencia llena de ignorancia."}, {"id": "1349557737299062785", "text": "@DanielSamperO Idiota, usted es el que ha trabajado para ellos, no se las venga a dar de digno, tarado"}, {"id": "1349557698828922880", "text": "@BetoMor21609662 @_Carlos_Guerra_ @AlvaroUribeVel La diferencia entre usted y aquel en esa foto, dice claramente a quien es quien"}, {"id": "1349557693636349953", "text": "@petrogustavo Tuve la oportunidad de conocerlo y compartir historias con \u00e9l en la FENAVIP, gran hombre, pensador y so\u00f1ador... Paz en su tumba."}, {"id": "1349557682882179074", "text": "@millersoto @PGN_COL @SandraFARC @Sergio_FARC @IvanDuque Que excelente esa gesti\u00f3n ... GRACIAS Se\u00f1or\n\n\ud83d\udc4f\ud83d\udc4f\ud83d\udc4f\ud83d\udc4f\ud83d\udc4f\ud83d\udc4f\ud83d\udc4f\ud83d\udc4f\ud83d\udc4f\ud83d\udc4f"}, {"id": "1349557667057053702", "text": "@msilvaazul @DanielSamperO Salchicha con huevo de Jimmy Sabater. Aunque no queda muy claro a cu\u00e1l salchicha y cu\u00e1l huevo se refiere.\n\nSalchicha con huevo\nMe pidi\u00f3 al amanecer\n\nMe dejo con hambre\nSe le quemo el sart\u00e9n\nY ella me dijo papito\nHay fuego en el 23"}, {"id": "1349557666012651520", "text": "@petrogustavo Habla el Bisagr\u00f3logo!!"}, {"id": "1349557661684158466", "text": "Gobierno Nacional, el @Mineducacion y @MinHacienda incumplen los acuerdos con los maestros. @IvanDuque @VictoriaBxE #DuqueHonreAcuerdos #FirmeDecretoCursos @fecode"}, {"id": "1349557661549932549", "text": "@IvanDuque @MinSaludCol @MinInterior Me perdonar\u00e1 se\u00f1or presidente, pero le pedir\u00e9 el favor, no nos abandone como la ley en san andres isla, sobre la expropiaci\u00f3n de tierras y de un paso servidumbre, el cual es tambien salida de emergencia del centro cial tropicana, el cual se a expropiado el se\u00f1or jorge lujan."}, {"id": "1349557659582812161", "text": "@CMILANOTICIA Gobierno Nacional, el @Mineducacion y @MinHacienda incumplen los acuerdos con los maestros. @IvanDuque @VictoriaBxE #DuqueHonreAcuerdos #FirmeDecretoCursos @fecode"}, {"id": "1349557651491991554", "text": "@ssanchva @AlvaroUribeVel Ud tambi\u00e9n le reza a la virgen de los sicarios?"}, {"id": "1349557651198402560", "text": "@juanmanuelgalan @IvanDuque Tome desiciones sobre su futuro politico"}, {"id": "1349557588569042945", "text": "@rojascristina11 @sanitas @sanitas_atiende @CruzVerdeCo @MinSaludCol @IvanDuque @Fruizgomez Tal cu\u00e1l lo describe la queja he sido testigo en carne propia (22 a\u00f1os de afiliado) y de mucha gente, de hechos y circunstancias sino iguales parecidas. No es difamaci\u00f3n infundada."}, {"id": "1349557579811315713", "text": "@Fillipo222 @AlvaroUribeVel Uribe es m\u00e1s delincuente que cualquiera, nos quiere someter a una guerra absurda ese traqueto"}, {"id": "1349557567366770688", "text": "@millersoto @PGN_COL @SandraFARC @Sergio_FARC @IvanDuque Excelente miller. Respaldo total"}, {"id": "1349557547666124800", "text": "Gobierno Nacional, el @Mineducacion y @MinHacienda incumplen los acuerdos con los maestros. @IvanDuque @VictoriaBxE #DuqueHonreAcuerdos #FirmeDecretoCursos @fecode"}, {"id": "1349557524563959813", "text": "@migueldelrioabg Lo dice el huela peos de @petrogustavo quien no hace m\u00e1s q demostrar su enfermedad mental por un hombre como Uribe que no ha hecho m\u00e1s que demostrar con acciones y con los que si estuvimos en guerra para sacar el pa\u00eds adelante, mientras su \u00eddolo es un delincunte impune como PETRO"}, {"id": "1349557481391878145", "text": "Con tutela, Robledo busca la verdad sobre vacunaci\u00f3n del COVID-19 https://t.co/7dkNuFZ9gS @JERobledo"}, {"id": "1349557479852670977", "text": "Siguen enga\u00f1ando con un titular, a que vacunaci\u00f3n se refieren?? No es al del Covid-19 en todo caso, programa del cual no hay informaci\u00f3n verificable https://t.co/NSouv0Z39h"}, {"id": "1349557460126806019", "text": "@IvanDuque @MinSaludCol @MinInterior Llegar\u00e1 el 2022 esperado la vacuna, que cinismo de este corrupto gobierno."}, {"id": "1349557459992637442", "text": "Dios permita que si https://t.co/PWlVQkYkqY"}, {"id": "1349557439058866180", "text": "@JORGE_A_LARA @LeilaChujfi @MinSaludCol @IvanDuque Se equivoca,ya el CD propuso moci\u00f3n de aplausos para el por el \"excelente\" manejo de la pandemia."}, {"id": "1349557435816701959", "text": "@elduquech @mbrc11 @RuGar_V @GustavoDelaRoca @AlvaroUribeVel No veo raz\u00f3n de insultar. Estoy hablando justo lo que mencionas que \"Hitler era socialista\", lo cual es algo que no hace sentido. \n\nHitler, al igual que Mussolini pertenecen a la extrema derecha, del fascismo, que aborrece todo el espectro de izquierda."}, {"id": "1349557435514691584", "text": "@msilvaazul @DanielSamperO perdon cocina"}, {"id": "1349557431450394626", "text": "@AlvaroUribeVel @CARLOSFMEJIA Mi cuenta de @TwitterSeguro que ten\u00eda mas de cuatro mil seguidores fue suspendida pero para siempre y hoy me suspendieron del @Facebook que ya ten\u00eda los cinco mil contactos que es lo que permite https://t.co/J26Gp0stX5"}, {"id": "1349557418439684097", "text": "Esto est\u00e1 pasando el en @ESEHospitalRos1  y Nadia sabe nada la v\u00edctima es la gerente un lobo con piel de oveja @DanielSamperO @DCoronell  que alguien ayude al personal de este remedo  de gerente https://t.co/M0fmq3pKnC"}, {"id": "1349557417235935233", "text": "@HeLeNaBuckarctt @ledamejia21 Es hora que @MinInterior @mindefensa @PGN_COL trabajen juntos y neutralicen a los delincuentes, narcos, terroristas, corruptos que hacen matoneo al Pte @IvanDuque y que hagan investigaci\u00f3n a @RoyBarreras para que lo metan preso por nexos con los narcoterroristas de las #FARC"}, {"id": "1349557390782451716", "text": "@ALAIREJHON @IvanDuque @infopresidencia @MinSaludCol @MinInterior Si tienes trabajo tienes que salir, no entiendo tu punto"}, {"id": "1349557350634565632", "text": "@MinSaludCol o alg\u00fan ente del gobierno de @IvanDuque tiene el dato de cu\u00e1ntos compa\u00f1eros taxistas \ud83d\ude96\ud83d\ude96han perdido la vida a causa del virus \ud83e\udda0 covid 19 ?"}, {"id": "1349557317453422596", "text": "@petrogustavo Se\u00f1or @petrogustavo le pido el favor que no use el nombre de mi abuelo para ese tipo de declaraciones!"}, {"id": "1349557312881569792", "text": "@GustavoBolivar @MinSaludCol @IvanDuque BOBOLIVAR.....CADA VEZ SOS MAS.EST\u00daPIDO..... NO DEJ\u00c1S DE HACER https://t.co/uEZhmS8hXN UN MINUTO...PAYASO"}, {"id": "1349557308452438016", "text": "@petrogustavo Por que no le dejaron la negociaci\u00f3n de las vacunas a Petro, el tiene experiencia y sabe de esos negocios. https://t.co/6oRN8uTPSA"}, {"id": "1349557303620620288", "text": "@RevistaSemana @JERobledo Esta loco, solo piensa en su candidatura y los show que puede hacer para ganar popularidad"}, {"id": "1349557293197783040", "text": "Andr\u00e9s Felipe Arias es un criminal. Rob\u00f3 tierras y dinero que iba \"destinado\" al campesinado. Ahora la gran @FiscaliaCol decide perseguir tuiteros y no a su amigo @IvanDuque por \u00f1e\u00f1epol\u00edtica."}, {"id": "1349557292161781762", "text": "@RevistaSemana Jajaja acuerdos de confidencialidad para que no se revele el circo mundial detras de este macronegocio, bien por @JERobledo que no permite que el pueblo trague entero!!\ud83d\udc4f\ud83d\udc4f"}, {"id": "1349557272675020801", "text": "@Sergio_FARC @IvanDuque @millersoto H\u00e1gase el marica, tira la piedra y esconde la mano, ustedes sin fusil y si la gavilla que eran en el monte son un poco de cobardes"}, {"id": "1349557270410113026", "text": "@DanielSamperO @fcarrilloflorez Uno mas del monton , le quedo grande el puesto.  Lanzando globos y  armando circo."}, {"id": "1349557263070072833", "text": "@EpicuroDeSamos_ @IvanDuque TOTAL APOYO A LOS TUITEROS QUE DICEN LA VERDAD NO LOS DEJEMOS SOLOS."}, {"id": "1349557253897117696", "text": "@msilvaazul @DanielSamperO La Empanadita de Calixto Ochoa."}, {"id": "1349557241997889538", "text": "@AlvaroUribeVel A qui\u00e9n le rezamos? A la virgen de los sicarios..."}, {"id": "1349557217855467526", "text": "Urgente y necesaria la audiencia p\u00fablica y debate de control al ministro de salud. Queremos saber la verdad sobre la vacuna.\nEl Senador @JERobledo hace bien en exigir claridad y celeridad. \ud83d\udc68\u200d\u2695\ufe0f https://t.co/3BVEPidbS8"}, {"id": "1349557201183141888", "text": "@msilvaazul @DanielSamperO esa pierna de cerdo tan Rica q tu cosinas"}, {"id": "1349557201162137606", "text": "@IvanDuque Pura mierd habla nuestro gran presidente pufff"}, {"id": "1349557198482001920", "text": "@UldaricoChilito A @AlvaroUribeVel no le da pena andar pidiendo subsidios? Que pena"}, {"id": "1349557187681673216", "text": "No estamos gobernados por un cerdo, sino por un burro!\nEste tipo definitivamente cada d\u00eda se supera en su estupidez... y a\u00fan hay gente que le cree y lo defiende\n\n#ElPeorPresidenteDeLaHistoria\n#ElPeorGobiernoDeLaHistoria\n#VacunaPaCuando\n#VacunaYa\n#ColombiaSinVacuna https://t.co/vpugc0rQ34"}, {"id": "1349557166680793090", "text": "@AlvaroUribeVel Cual carajo conchudos"}, {"id": "1349557154907369476", "text": "@cardenasjorgee @IvanDuque @PartidoFARC \u00bfCu\u00e1les vacunas? \u00bfLas que llegaban en enero? \u00bfLas que ahora prometi\u00f3 para febrero? O \u00bfLas que vaya a saber si llegaran entre marzo o abril? Aunque usted que va a saber de eso, si lo \u00fanico que sabe es ser un sapo mantenido."}, {"id": "1349557152755699717", "text": "@AlvaroUribeVel El mal pidiendo votar en contra del mal"}, {"id": "1349557150306201605", "text": "Gobierno Nacional, el @Mineducacion y @MinHacienda incumplen los acuerdos con los maestros. @IvanDuque @VictoriaBxE #DuqueHonreAcuerdos #FirmeDecretoCursos @fecode"}, {"id": "1349557122967740416", "text": "@cielo_rusinque @LuisFFranco @IvanDuque No est\u00e1 el Reo Condenado en la C\u00e1rcel?\nClaro que no!!!!\nSi nunca ha ESTADO."}, {"id": "1349557117603213312", "text": "\u00bfCu\u00e1nto le pagaron a la OPS?\n\u00bfNo les da pena?\n\u00bfLo destacan por lo tard\u00edo?\n\u00bfCu\u00e1les VACUNAS?\n\u00bfNo se cansan de MENTIR?\n\nMALDITA SEA!! https://t.co/f5TW47RUq4"}, {"id": "1349557105414569987", "text": "@angelamrobledo @IvanDuque Si\u00e9ntese por un minuto en el escritorio del presidente Duque para que entienda. Responsabilizar a presidente por las muertes de una pandemia, no solo es una irresponsabilidad pol\u00edtica, sino una vellaquer\u00eda \n@SacudeteCol"}, {"id": "1349557077971230720", "text": "@AlvaroUribeVel Sr Uribe por qu\u00e9 diez millones nada m\u00e1s y el resto se acab\u00f3 el dinero se efumo y ahora quieren que se la regalen lo que falta  y su precidente se molesta por qu\u00e9 le est\u00e1n diciendo que diga cu\u00e1nto se han gastado en las vacunas y dice que es Recerva del sumario huele mal mal"}, {"id": "1349557066587906049", "text": "@ElUniversalCtg Por falta de pantal\u00f3n nos va a encerrar otra ves no aguantamos otro cierre @daulaw @IvanDuque nojoda el poco de gente extranjera sin tapa boca en boca grande y mamando ron como si nada como ustedes tienen su vida asegura no se preocupa pero yo y miles de col que viv\u00ed del diario"}, {"id": "1349557065866489858", "text": "@DivisionDeAriza @DanielSamperO Por estas bobadas es que no dejo twitter \ud83e\udd23\ud83e\udd23\ud83e\udd23\ud83e\udd23"}, {"id": "1349557062439727104", "text": "Gobierno Nacional, el @Mineducacion y @MinHacienda incumplen los acuerdos con los maestros. @IvanDuque @VictoriaBxE #DuqueHonreAcuerdos #FirmeDecretoCursos @fecode,,,"}, {"id": "1349557051576475653", "text": "@ghitis El extremista eres t\u00fa! @petrogustavo @ColombiaHumana_ @PoloDemocratico @UP_Colombia @ListaDecentes jajajajajajajajaja"}, {"id": "1349557049265422337", "text": "No es broma; so\u00f1\u00e9 \ud83d\ude34\ud83d\udca4 que el presidente d #Colombia \ud83c\udde8\ud83c\uddf4, @IvanDuque, se enfrentaba a una insurrecci\u00f3n x parte del pueblo colombiano, que este protestaba y se revelaba contra el gobierno, exigiendo su renuncia.\n\nAunque solo fue un sue\u00f1o nada +.#NadaSobra"}, {"id": "1349557047713525770", "text": "@GersonEF81 @elduquech @RuGar_V @GustavoDelaRoca @AlvaroUribeVel Normalicemos decir que toda derecha es:\n- retr\u00f3grada \n- fascista\n- corrupta\n- asesina.\nEs la verdad y ya no se puede tapar.\nNo hay excusas no hay peros que valgan. Las derechas s\u00f3lo se han mantenido en el poder a base de fraudes y muertes.\nUna democracia de cart\u00f3n!"}, {"id": "1349557037785640966", "text": "@petrogustavo Creo que petro , es falso, decir verdad ser\u00eda decir desde. Cuando la guerrrilla permit\u00eda a los pol\u00edticos ir a los campos a hacer pol\u00edtica , cuanto com\u00edan la guerrilla por extorsion en cada obra del pa\u00eds ,"}, {"id": "1349557036556627972", "text": "@IvanDuque @MinSaludCol @MinInterior Y las vacunas que?\n\nDe que me hablas viejo"}, {"id": "1349557028189057024", "text": "@alejocalalomas @petrogustavo Dr la Sputnik V apenas han aplicado 130 mil de 300 mil dosis. Bastante masiva la vacunacion para un pais de 46'. Esperemos quien vacuna primero a su ciudadano #30'. Esto no es como empieza sino como termina"}, {"id": "1349557024665849860", "text": "Gobierno Nacional, el @Mineducacion y @MinHacienda incumplen los acuerdos con los maestros. @IvanDuque @VictoriaBxE #DuqueHonreAcuerdos #FirmeDecretoCursos @fecode,,"}, {"id": "1349557011432820736", "text": "@IvanDuque Lo va hacer para arreglar todas las cagadas  as\u00ed no es de f\u00e1cil como lo pintan usted se\u00f1or Duque su partido @CeDemocratico  se van undir y ustedes tienen que pagar por todo lo malo que hizo a Colombia."}, {"id": "1349557008933007360", "text": "@intiasprilla @IvanDuque Hdp ciza\u00f1ero!!"}, {"id": "1349556989815353345", "text": "@DivisionDeAriza @DanielSamperO Jajajajajajajajaja"}, {"id": "1349556986669629442", "text": "Gobierno Nacional, el @Mineducacion y @MinHacienda incumplen los acuerdos con los maestros. @IvanDuque @VictoriaBxE #DuqueHonreAcuerdos #FirmeDecretoCursos @fecode ,"}, {"id": "1349556960144842752", "text": "@CancinoAbog @petrogustavo @PartidoFARC @AlejandroChar Este petardo nunca se cansa de hablar mierda!!! https://t.co/OslrNHSQQY"}, {"id": "1349556951856852993", "text": "HASTA CUANDO VAMOS A PERMITIR QUE ESTOS TERRORISTAS HAGAN LOS QUE LE DA LA GANA?. COMO UTILIZAN UNOS MEDIOS DE COMUNICACI\u00d3N SERIOS PARA DIFUNDIR SUS MENSAJES TERRORISTAS ? https://t.co/Tf8JVEBsOJ"}, {"id": "1349556934903549955", "text": "Tu rechazo legitima las masacres, cabr\u00f3n https://t.co/VkGbJlRqPI"}, {"id": "1349556925348904960", "text": "@haidy_Mar @dbuilesv Y aqu\u00ed en \ud83c\udde8\ud83c\uddf4 que gracias a la ley 100 de @AlvaroUribeVel  muchos pagan aprox $15000 (5 d\u00f3lares), u 8000 (3 d\u00f3lares), o $0 pesos por: ex\u00e1menes + cirug\u00edas + hospitalizaciones + medicamentos de los procedimientos cl\u00ednicos, y a\u00fan hay quienes se quejan de la ley, y quieren derogarla."}, {"id": "1349556922136096769", "text": "@AlvaroUribeVel Muy bonita la silla pero ese caballo senador esta como lento"}, {"id": "1349556918180671490", "text": "@natiibedoya Se refiere al narcotraficante #82 @AlvaroUribeVel"}, {"id": "1349556904519983112", "text": "@Cesar52667029 @petrogustavo Puto lameculos https://t.co/IUQM4YqczV"}, {"id": "1349556897746214913", "text": "@millersoto @PGN_COL @SandraFARC @Sergio_FARC @IvanDuque Entre \"bandidos\" se tratan as\u00ed, eso es perder el tiempo y si fuera por eso todos los d\u00edas entre ellos (pol\u00edticos) se tratan de lo peor, es el ejemplo que le dan a Colombia, dejen que la procuradur\u00eda se encargue de los verdaderos problemas de su competencia."}, {"id": "1349556892113231872", "text": "@L4Webonada @PartidoFARC @GustavoBolivar @petrogustavo @AidaAvellaE Este pa\u00eds est\u00e1 perrateando la poca dignidad de la pol\u00edtica. Los narco guerrilleros tienen pagos a un grupo de pol\u00edticos que est\u00e1n dispuestos a comprar como sea el poder. Esto se convirti\u00f3 en lucha de bandidos contra el estado colombiano."}, {"id": "1349556887197523970", "text": "@ALOPEROJ2 @Las2Orillas @MiguelUribeT @ClaudiaLopez @IvanDuque Jajaja jajaja jajaja jajaja jajaja  lo ha hecho tan bien qu\u00e9 est\u00e1 Bogot\u00e1 llevado, s\u00ed as\u00ed es bien c\u00f3mo ser\u00eda malo buen chiste \ud83d\ude02\ud83d\ude03\ud83d\ude02\ud83d\ude02\ud83d\ude03"}, {"id": "1349556884844531712", "text": "A esto estamos jugado  la izquierda radical  que est\u00e1 encontra de la fuerza p\u00fablica y apoyan a los gerrilleros @petrogustavo , @GustavoBolivar ,@heidy_up ,@PizarroMariaJo ,@cancinodiegoa , @intiasprilla , solo por mencionar algunos  estas son las \ud83d\udc00 que quieren joder a colombia https://t.co/DnvTO3U0XH"}, {"id": "1349556882084687873", "text": "@elduquech @mbrc11 @RuGar_V @GustavoDelaRoca @AlvaroUribeVel \u00bfEntonces t\u00fa, que te defines como nacionalista, tambi\u00e9n est\u00e1s cerca de Hitler porque \u00e9l era NACIONALsocialista? https://t.co/kEclpbFksf"}, {"id": "1349556871338872833", "text": "@Andreshurtado_7 @IvanDuque Deber\u00edan dejar estipulado que no las pueden vender, y  de pas\u00f3 arborizar el lugar de los deslizamientos."}, {"id": "1349556858470625280", "text": "@GranColombeia @lindajpaez @petrogustavo @Matador000 @NicolasMaduro @Twitter @PalomaValenciaL @MariaFdaCabal @IvanDuque @UribeVelez Deje de pensar comp un imbecil ! Eso es Todo ...."}, {"id": "1349556841458651141", "text": "@DanielSamperO Y para los incitadores de mentiras y de informaci\u00f3n falsa o acomodada? , si! Es con usted calvo @DanielSamperO"}, {"id": "1349556839646687234", "text": "@petrogustavo Que gonorrea!"}, {"id": "1349556835947327491", "text": "\ud83c\udde8\ud83c\uddf4 Anuncios del presidente de Colombia. Que diferencia! https://t.co/nTw1c7kNi1"}, {"id": "1349556810529779713", "text": "@OLGUIN_MAYORGA @CarlosHolmesTru @IvanDuque @PoliciaColombia @COL_EJERCITO Si quiera sali\u00f3 a hablar sandeces , ahora Don Ivan, @RoyBarreras y dem\u00e1s est\u00e1n m\u00e1s quemados para las pr\u00f3ximas elecciones. El pueblo colombiano no es bobo. @lcvelez @VickyDavilaH @santiagoangelp @saludhernandezm @calderonwiliams"}, {"id": "1349556788321021953", "text": "@guss_marro @mbrc11 @RuGar_V @GustavoDelaRoca @AlvaroUribeVel Falta comprensi\u00f3n de lectura. No dije lo que est\u00e1s diciendo que dije. Pero agradezco que por lo menos no insultes. Saludos"}, {"id": "1349556783866654721", "text": "@July_Sam_ @fcarrilloflorez @Farc @IvanDuque Ese es de los peores criminales que dejo Farc Santos y su basura de proceso Narco criminal con las terroristas @FARC_COLOMBIA"}, {"id": "1349556773330550792", "text": "@PedroNikolasM @ledamejia21 Hermano pero Taguee a ese cacas @petrogustavo, hay que mostrarle sus maravillosas cagadas..."}, {"id": "1349556758994415618", "text": "@MJDuzan La soluci\u00f3n es empezar a votar por pol\u00edticos limpios que noble sigan el juego a la CORRUPCI\u00d3N y por el contrario la denuncien..... @petrogustavo Presidente!!!!"}, {"id": "1349556755227930624", "text": "Yo creo que todos tienen derecho a tener voz... SIMPLE https://t.co/VkGbJlRqPI"}, {"id": "1349556745992081410", "text": "@colombia_hist Presidente pertardo @IvanDuque le hace competencia"}], "meta": {"newest_id": "1349557837777797120", "oldest_id": "1349556745992081410", "result_count": 100, "next_token": "b26v89c19zqg8o3foshvhajjzsk0x9yp42i00ybm5hxfh"}}