{"data": [{"id": "1349550956044759047", "text": "@pulzo @IvanDuque lo que faltaba"}, {"id": "1349550939989041158", "text": "@yolallamo3 @RafaMarmolejo5 @UranRigoberto @CeDemocratico @PARTIDODELAU @AlvaroUribeVel @AlarconUbaldo16 @ValenciaGuille8 @germant89159208 @Rech68 @JorgeBejarano1 Si la mejor seguridad para pasar droga hasta Mexico q pasa el Cartel de Sinaloa a Estados Unidos, d la misma q cocina el ex-embajador de Colombia en Uruguay Fernando Sanclemente, quien trabajo en la aeronautica civil en el periodo d Uribe narcopara presidente!"}, {"id": "1349550916018561027", "text": "@cardenasjorgee @IvanDuque @PartidoFARC Jajajajajaja que hp tan chistoso \ud83e\udd21\ud83e\udd21\ud83e\udd21\ud83e\udd21"}, {"id": "1349550913640427527", "text": "El @CongresoCol esta en la obligaci\u00f3n URGENTE de llamar a @RoyBarreras a control pol\u00edtico debe explicar el porque Ivan Marquez lo apoya para disque revocar al pte @IvanDuque y hacer coalici\u00f3n con @PartidoFARC y \"otros\" partidos. Roy es un peligro para el pa\u00eds el SI debe revocarse https://t.co/3hdI2wBVmC"}, {"id": "1349550911438385152", "text": "Igual a m\u00ed  y m\u00ed familia...!!! @IvanDuque @JuanManSantos @AlvaroUribeVel @mluciaramirez @AndresPastrana_ @ernestosamperp @CesarGaviriaT uds alcahuetas y responsables d la existencia d los vacunadores m\u00e1s antiguos del pa\u00eds...!! Y los ponen en el congreso para legalizar esa vacuna! https://t.co/MYhs0koVCU"}, {"id": "1349550905398538242", "text": "@intiasprilla @IvanDuque FALTABA LA OPINI\u00d3N DE UNA RATA \ud83d\udc00 DISFRAZADO DE SENADOR.. LADR\u00d3N.. \u00d1ERO. JETON."}, {"id": "1349550892413030402", "text": "@Juan_Florez @lasillavacia @IvanDuque Pueeees no es de extra\u00f1ar en este Gobierno. No espero nada de ellos y a\u00fan as\u00ed logran decepcionarme @guzman_nicolas"}, {"id": "1349550857440931840", "text": "@DanielSanin @rasbe @abogadohurtado Yo lo que creo es que al paso y ritmo que  van @IvanDuque  y @MinSaludCol  @Fruizgomez va llegar primero la vacuna a manos de   laboratorios y \"comercializadores privados\" que al Gobierno Nacional."}, {"id": "1349550818740023302", "text": "@CriminologiaI @EfectoCocuyo @tulioalvarez @LuzMelyReyes @gabrieladelmarp @marinoalvarado @johnmagdaleno @fanzinero @promedehum @OSPDH1 @AriasElerin @petrogustavo @FrentAmplioVzla @lilianahs2013 @AndresVelasqz @epocahumana @Miguel_Pizarro @lauralouzas @maximofsiso @WGBM44 @lortegadiaz @3ercaminoprv @AngelicaZamoraP @WILMERNOLASCO @carloscarcione @BR_Ven @BreuerCodecido @pavese @victoramaya @bsousasantos @dirderechoucv @IIJUNAM @monitor_FL @forumseguranca @sabueno85 @ideaspaz @Adrian_Bergmann @_Provea @cataperezcorrea @gloriaperdomog @HectorCarreonP @lilitas007 @gabybuada @jbmouttet @camiloebernal @robertinocarles @RCasara @elviraeblanco @AQuryat English version: \"Violence, patronage, and criminal governance: Keymer \u00c1vila on the events in La Vega and Cota 905\" https://t.co/mnN6J3ZqEi Via @HeartsOnVzla"}, {"id": "1349550805569974277", "text": "@ElQueLosDELATA @AUGUSTOOCAMPO @migueldelrioabg @LUISEROLAVE @Betocoralg @ColombiaHumana_ @petrogustavo @GustavoBolivar Excelente de doctor Miguel \u00c1ngel , expres\u00f3 lo que muchos queremos decir, pero no nos dejan, nos demandan."}, {"id": "1349550774100090880", "text": "Compatriotas no es hacer publicidad con el dolor de nuestros\nPa\u00edses hermanos..\nEs reconocer el gran trabajo de nuestro gobierno imaginense\nEn este momento tan cr\u00edtico si\nEl presidente fuera Petro??\nGracias @IvanDuque \ud83c\udde8\ud83c\uddf4\ud83d\udc4f\ud83d\udc96\ud83d\udc68\u200d\ud83d\udc69\u200d\ud83d\udc66\u200d\ud83d\udc66\nY gracias @AlvaroUribeVel \ud83c\udde8\ud83c\uddf4\n@JaisonBM\n@kahtiuzk https://t.co/1VckIZWvjp"}, {"id": "1349550772221059078", "text": "@JERobledo Y usted qui\u00e9n es o que hace en este verraco pa\u00eds desde el congreso de la Rep\u00fablica gan\u00e1ndose 34 millones de pesos y para lo \u00fanico que sirve es para joder joder y joder! Lo he dicho y se lo repito estamos cansados de gente de izquierda como usted! https://t.co/7cnhfTbtLY"}, {"id": "1349550764633546755", "text": "@cga2805 @fabioji98704455 @IvanDuque @santosfarc Farcsantos quedar\u00e1 en la historia como el traidor m\u00e1s grande.."}, {"id": "1349550756223987714", "text": "@elduquech @mbrc11 @RuGar_V @GustavoDelaRoca @AlvaroUribeVel Confundir el nacional socialismo con el socialismo siempre ha sido un error de principiante, es como decir que los nacionalistas tambi\u00e9n son nazis https://t.co/0P04TdmZmC"}, {"id": "1349550754613387272", "text": "Me siento en la serie de #Dark. En qu\u00e9 futuro ser\u00e1 esto posible? https://t.co/cEii49xo0n"}, {"id": "1349550744513474560", "text": "@elvenua3 @RossanaMarin_ @isamudio @SantaMartaDTCH @carlosecaicedo @VirnaJohnson @IvanDuque Si se\u00f1or. Esos son los que yonpredije, 15 d\u00edas y a cerrar quilla y alrededores"}, {"id": "1349550731901214721", "text": "@ElQueLosDELATA Veeee tan rraro que a uds no lo sigue la fiscal\u00eda por tratar mal a esa rata pero a un joven que no sabe nada le leyes la fiscalia de bolsillo de @IvanDuque si lo sigue y hasta carcel le quieren dar, definitivamente el mico sabe a que palo trepa y con @ElQueLosDELATA  si comen \ud83d\udca9"}, {"id": "1349550709444911107", "text": "@chuchoagudelo1 @petrogustavo @GustavoBolivar Esos solo saben de vacunas pero economicas"}, {"id": "1349550693426868225", "text": "Compart\u00ed un post analizando todo lo que se puede comprar con el dinero que @IvanDuque gasta en publicidad, el post era de Primera L\u00ednea, en Instagram, pero minutos despu\u00e9s descubro que me bajaron la publicaci\u00f3n. Y quiero saber por qu\u00e9 @primeralineacol https://t.co/mEym9aOA5G"}, {"id": "1349550689802924033", "text": "Cazabobos...... @WRadioColombia @RevistaSemana @BluRadioCo @CaracolRadio @NoticiasUno @JERobledo @ELTIEMPO @elespectador @CanalCapital @Citytv @lafm @CMILANOTICIA @NTN24 @vanguardiacom @elpaiscali @elheraldoco @NoticiasCaracol @CanalRCN https://t.co/Jvg3oBKWAB"}, {"id": "1349550684979548161", "text": "@intiasprilla @IvanDuque Rebuzno uno de los m\u00e1s idiotas."}, {"id": "1349550665874472961", "text": "@Broca1807 @DanielSamperO Est\u00e1 bien, h\u00e1gase esos pajazos mentales pero luego no se queje por la guerra."}, {"id": "1349550660186992646", "text": "@IvanDuque @AlvaroUribeVel @AndresPastrana_ Dej\u00e9 de violar y matar ni\u00f1os en el @ICBFColombia..."}, {"id": "1349550642071744512", "text": "@DanielSamperO Parece trabajando para el uribismo?? Ud est\u00e1 enfermo!! Necesita ayuda psiqui\u00e1trica!! De verdad se lo digo!!"}, {"id": "1349550631334400007", "text": "@Sergio_FARC @IvanDuque @millersoto Que desgracia con estos NarcoTerroristas ya se creen due\u00f1os de la verdad"}, {"id": "1349550616071319554", "text": "\u201c..,NOTICIA EN DESARROLLO....\u201d la respuesta la tiene el 4o poder.... @IvanDuque https://t.co/0E9JdHTcJz"}, {"id": "1349550606336274432", "text": "@millersoto @IvanDuque Un maleante como esos nunca entender\u00e1 lo q es correcto. Fueron, son y ser\u00e1n asesinaos pues el delito nunca se podr\u00e1 borrar como no se puede devolver el tiempo. Lo incre\u00edble es q a\u00fan hayan idiotas q respalden a esos bandidos y no hablo de los guerrilleros sino gente del com\u00fan."}, {"id": "1349550600682414083", "text": "@AlvaroUribeVel el Uribismo, el c\u00e1ncer de Colombia"}, {"id": "1349550591710793728", "text": "@AlvaroUribeVel Los guerrilleros y la izquierda le temen a Uribe por eso votare por lo que diga Uribe y es m\u00e1s petro nunca ser\u00e1 presidente"}, {"id": "1349550591626850307", "text": "@DanielSamperO @fcarrilloflorez Excelente."}, {"id": "1349550576644853760", "text": "@AlvaroUribeVel Qu\u00e9 dolor tan grande, se fu\u00e9 a integrar el Coro de Angeles Celestiales. Al asesino, que lo Juzgue la Justicia Divina, porque la Humana se quedar\u00eda corta para castigar tan execrable cr\u00edmen."}, {"id": "1349550570147885056", "text": "@graffitiborrao @JuanManSantos @IvanDuque No es cierto, los recursos p\u00fablicos en manos de empresas comerciales del estado o fondos con r\u00e9gimen de contrataci\u00f3n privado son objeto de rendici\u00f3n de cuentas, incluso, rendimientos financieros deben ser devueltos al estado."}, {"id": "1349550556386373642", "text": "@Lynx_581 @IvanDuque Sacan pecho por tanto palabrer\u00edo que se inventan y posar de inteligentes como si estuviera en una exposici\u00f3n escolar pero para gestiones hacen gala de mediocridad e incompetencia."}, {"id": "1349550544197726209", "text": "@isamudio @RossanaMarin_ @julianquintanat @SantaMartaDTCH @carlosecaicedo @VirnaJohnson @IvanDuque Terrible. En s\u00f3lo 30 a\u00f1os dio un salto."}, {"id": "1349550537797152768", "text": "@AlvaroUribeVel Excelente, y eso que no hay nada. Estos manes son unos tesos. Cuanto les costar\u00eda ese \"Destacamiento\" a un programa que no existe? En fin, la corrupci\u00f3n haciendo de las suyas."}, {"id": "1349550501378093056", "text": "@DanielSamperO Tal vez usted no escucha noticias y x ende los asesinatos de l\u00edderes sociales y exguerrilleros que se acogieron a un proceso de paz torpedeado desde los sectores de extrema derecha con un fiscal involucrado y con  auspicio de la DEA . Debemos ser cr\u00edticos pero objetivos."}, {"id": "1349550495044612096", "text": "@HBorolas @Luna88901717 @sofoca3 @argenismiss @AlvaroUribeVel La plata alcanza cuando no se la.roban."}, {"id": "1349550486014328834", "text": "@Melba09182029A @AlvaroUribeVel No creo que Jes\u00fas este del lado de asesinos y corruptos."}, {"id": "1349550482482733056", "text": "@JohannaFadul_M @Zuletalleras @IvanDuque Mi pap\u00e1 trabaja en el transporte p\u00fablico y no se ha contagiado porque se cuida y nos cuida bien \u00bfSer\u00e1 que le podemos pedir la vacuna al presidente o Felipe no nos da permiso?"}, {"id": "1349550444167749632", "text": "@jeisonibarra7 @EspitiaMao @petrogustavo En 210 a\u00f1os de rep\u00fablica siempre han sido de derecha"}, {"id": "1349550435124834306", "text": "@JMVivancoHRW otra PRUEBA que COLOMBIA es un pa\u00eds donde la CORRUPCI\u00d3N est\u00e1 enquistada en el GOBIERNO del @CeDemocratico @IvanDuque @AlvaroUribeVel https://t.co/nJFV5gayYu"}, {"id": "1349550430674690050", "text": "@RossanaMarin_ @SantaMartaDTCH @carlosecaicedo @VirnaJohnson @IvanDuque La gente es culpable... Yo lo viv\u00ed m\u00e1s de cerca. Ess, son de Barranquilla y gaujirosnqir llegan a hacer desorden. Le consta. Ahh y hasta de Bucaramanga"}, {"id": "1349550419513634816", "text": "@ValenciaGuille8 @yolallamo3 @RafaMarmolejo5 @UranRigoberto @CeDemocratico @PARTIDODELAU @AlvaroUribeVel @AlarconUbaldo16 @germant89159208 @Rech68 @JorgeBejarano1 Ese ni habia nacido y estaba en pa\u00f1ales cuando el pap\u00e1 ya era el narcotraficante mas fuerte del mundo gracias a las licencias y permisos q le otorg\u00f3 @AlvaroUribeVel ."}, {"id": "1349550417680740354", "text": "@fernandoposada_ El primer libro que le\u00ed fue Llevate esos payasos de Daniel Samper Pizano.   @DanielSamperO"}, {"id": "1349550386437386240", "text": "@AlvaroUribeVel @MariaFdaCabal @PalomaValenciaL @CeDemocratico @CARLOSFMEJIA @IvanDuque para lo \u00fanico que sirve el centro demoniaco #OjoConEl2022 #UribeCinico #DuqueHomicida #DuqueDescarado #DuqueYLasVacunasPaCuando #duquereydelamermelada #ratashpts #Matarife https://t.co/gKwyzYk7qX"}, {"id": "1349550385682374663", "text": "@WullDog @erickzaraza @DavidRacero @EstebanQuinti @ClaudiaLopez @mjsarmientoa @petrogustavo Que TODOS los pol\u00edticos son la misma \ud83d\udca9\ud83d\udca9\ud83d\udca9 en diferente forma. \ud83d\udc4d"}, {"id": "1349550376886874113", "text": "@Sergio_FARC @IvanDuque @millersoto Los p\u00e1jaros tir\u00e1ndole a las escopetas, los delincuentes denunciando a las personas de bien que buen chiste ja ja ja payasos"}, {"id": "1349550375943229441", "text": "@millersoto @IvanDuque Que personaje tan horribles ese @Sergio_FARC ...Miller, ese tipo de ahogar\u00e1 en su propio odio e ignorancia"}, {"id": "1349550369265905667", "text": "Buen trabajo tiene ac\u00e1 @FiscaliaCol \nDesenmascarar a los Representantes de Iv\u00e1n M\u00e1rquez, Jes\u00fas Santrich, y Narcotraficantes FARC que est\u00e1n en el Congreso.\nLes ayudo con estas Pistas:\n@GustavoBolivar @petrogustavo https://t.co/Ppg6zw5vop"}, {"id": "1349550367844007939", "text": "Revocatoria del Pte. @IvanDuque,  Narco Terroristas deber\u00edan estar en la c\u00e1rcel https://t.co/9SSBYuVyLQ"}, {"id": "1349550350387220481", "text": "@DanielSamperO Preciso sale M\u00e1rquez . Ese ser\u00e1 el argumento del uribismo. Que este se\u00f1or es el l\u00edder de la oposici\u00f3n."}, {"id": "1349550349070303236", "text": "@DanielSamperO @JulianRoman Bobo hijueputa \ud83e\udd23 https://t.co/f25KwQc5HY"}, {"id": "1349550343768707074", "text": "@AlvaroUribeVel Uribe el mejor"}, {"id": "1349550339868024833", "text": "@IvanDuque Ni siquiera protege el agua, para los delincuentes hijos, los lleva es avisitas con ped\u00f3filos como, @AlvaroUribeVel y @AndresPastrana_..."}, {"id": "1349550334092468225", "text": "@VISIONCBIA @JERobledo Solo para esobviejo decr\u00e9pito que se debe quedar en su casa"}, {"id": "1349550327117316097", "text": "Menos @IvanDuque como este por favor \ud83d\udc47\ud83c\udffb\ud83d\udc47\ud83c\udffb\ud83d\udc47\ud83c\udffb\ud83d\udc47\ud83c\udffb ya sabemos d\u00f3nde quedan en la historia \ud83e\udd21 https://t.co/jC7OmrIQYB"}, {"id": "1349550312185602048", "text": "@cardenasjorgee @IvanDuque @PartidoFARC Y la verdad si ser\u00edan m\u00e1s efectivos ps consiguieron fusiles de asalto durante a\u00f1os ahora no van a conseguir, Una simple vacuna"}, {"id": "1349550267159597056", "text": "@AlvaroUribeVel Nuestras oraciones por los colombianos muertos y los miles que van a morir por culpa de la ineptitud y negligencia de este desgobierno, que ojala y Dios quiera que la pandemia le pase factura a todos estos corruptos que se hacen llamar \"pol\u00edticos\""}, {"id": "1349550266627076096", "text": "@vuelvoaverluz @jomariosegovia @GustavoBolivar @AlvaroUribeVel Preguntale al Mono Mancuso si Uribe pelio por el para que no lo extraditaran, bueno al menos hizo un proceso de paz y no termino Mancuso como Senador..."}, {"id": "1349550263460384770", "text": "@ArielAnaliza @RoyBarreras @IvanDuque El Cho Oyu es la sexta monta\u00f1a m\u00e1s alta de la Tierra, alcanzando los 8.201 m s. n. m.. Cho Oyu significa en tibetano la \u201cDiosa Turquesa\u201d. La monta\u00f1a es la elevaci\u00f3n m\u00e1s alta del macizo Khumbu, sin embargo su tama\u00f1o, no se compara al tama\u00f1o de la \ud83d\udca9que habla Ud. !! https://t.co/dlclBhE20D"}, {"id": "1349550251871510528", "text": "@ernestomaciast Hablando de democracia y dictadura con un fusil al hombro.\n\nEl discurso de Ivan Marquez es identico al de @petrogustavo"}, {"id": "1349550250655174657", "text": "@AlvaroUribeVel A como el Kilo de Perico? Narco Paramilitar."}, {"id": "1349550228249190400", "text": "@DanielSamperO @MJDuzan Bobo hijueputa \ud83e\udd23 https://t.co/AhErl4dpgA"}, {"id": "1349550214928076804", "text": "La mala hierba nunca muere https://t.co/ixXtJxVj2K"}, {"id": "1349550203444064257", "text": "@luchirincon3 @AlvaroUribeVel @Patty202062 En \u00e9ste pa\u00eds les dan curules gratis a ese tipo de infames"}, {"id": "1349550181918900227", "text": "@ArielAnaliza @RoyBarreras @IvanDuque La vacuna es una ayuda muy importante.Trascendental  desde su orilla  mirar ampliamente el problema. Buscar mejorar las condiciones de vida, el empleo, Nutricion, educacion, salud etc. Deben plantear al gobierno y pol\u00edticos estrategas para solucionarlos.Covid19 es una sindemia."}, {"id": "1349550172821401603", "text": "@AlvaroUribeVel Esa mierdaaaaaaa"}, {"id": "1349550151413751810", "text": "@DanielSamperO y todo el rechazo a los paracos............(bueno ya mencion\u00f3 uribismo y sonar\u00eda redundante decir paraco y despu\u00e9s uribismo pero es clave mencionar este rechazo)"}, {"id": "1349550143293579264", "text": "@DanielSamperO Pens\u00e9 lo mismo ahora que le v\u00ed el pantallazo a Uribe."}, {"id": "1349550136372899841", "text": "@DanielSamperO De acuerdo, parece que trabajara para el Uribismo"}, {"id": "1349550106111074312", "text": "@AlvaroUribeVel @CeDemocratico Y que tal si decimos que el Castro chavismo impidio la compra de las vacunas para colombia y puso un veto en cada farmac\u00e9utica para impedirlo que piensa el subpresidente @IvanDuque \n#Colombia\n#AntiUribistaSigueAntiUribista \n#MatenAlCerdo"}, {"id": "1349550100016734211", "text": "Vamos todos a apoyar    y respaldar a @millersoto \u00e9stos c\u00ednicos no pueden seguir difamando y enlodando el nombre de nuestro presidente @IvanDuque.... Esta denuncia debe prosperar. https://t.co/CgQ8BjI4fF"}, {"id": "1349550092357935104", "text": "@Sergio_FARC @IvanDuque @millersoto Tendr\u00e1s que denunciar a todo el pa\u00eds terroristas"}, {"id": "1349550086875992065", "text": "Mor, me puedes explicar ese programa de vacunaci\u00f3n? Es que ese art\u00edculo no lo explica, y de paso dame fechas... https://t.co/taIQ2M5qsp"}, {"id": "1349550081100361730", "text": "@Dicarop_ @petrogustavo @IvanDuque No es lo mismo un presidente que un pendejo"}, {"id": "1349550072187514880", "text": "@AlvaroUribeVel Amado 1087985, t\u00fa feliz con la aparici\u00f3n de ese guerrillo, verdad?? Hip\u00f3crita, ustedes son socios!!"}, {"id": "1349550060871307264", "text": "@liliananeirac @Mujer_Mamerta @Sergio27Arias @MJDuzan @GustavoBolivar @petrogustavo @AUGUSTOOCAMPO @migueldelrioabg @merv59 Oye si los que menos impuestos pagan son los de derecha, porque no revisas las declaraciones de renta de Duque, Uribe y Nartuchis. A todos ellos le sali\u00f3 saldo a favor en la declaraci\u00f3n de renta. Y el que pago m\u00e1s de 1500 millones de renta fue Mamerto de Bol\u00edvar. Me explicas?"}, {"id": "1349550060586065921", "text": "@DanielSamperO Que tal este payaso con las que sale? Se da cuenta lo est\u00fapido que eso es? diciendo que Ivan Marquez trabaja para el Uribismo? \n\nAVER DANIEL, ACASO NO VE QUE APARECE HABLANDO CONTRA EL URIBISMO? \n\nPiense Samper, PIENSE."}, {"id": "1349550031716704258", "text": "@ValenciaGuille8 @yolallamo3 @RafaMarmolejo5 @UranRigoberto @CeDemocratico @PARTIDODELAU @AlvaroUribeVel @AlarconUbaldo16 @germant89159208 @Rech68 @JorgeBejarano1 Jajajaja https://t.co/BssOzrbecH"}, {"id": "1349549985688408064", "text": "@DanielSamperO Y tambi\u00e9n para los que los ayudan a escapar de la ley"}, {"id": "1349549896630743043", "text": "@DanielSamperO Fatal eso de Ivan Marquez,"}, {"id": "1349549896110645251", "text": "@nilsonagu @IvanDuque Espere las q petro va a traer de Espa\u00f1a"}, {"id": "1349549891324936193", "text": "@Sergio_FARC @IvanDuque @millersoto Miller no tiene nada que temer, lo acompa\u00f1a la raz\u00f3n y la verdad, el no es de los que anda demandando a la gente  sustentado en mentiras y difamaciones."}, {"id": "1349549883242516484", "text": "@DanielSamperO @sebas_gomez21 Por un lado apoyan cadena perpetua, por el otro rebajan penas. Le apuestan al populismo punitivo."}, {"id": "1349549880566566914", "text": "@UldaricoChilito @petrogustavo @RoyBarreras Inepto, mentiroso, corrupto,desagradable, hip\u00f3crita, fastidioso, c\u00ednico e.t.c"}, {"id": "1349549833049288706", "text": "@Sergio_FARC @IvanDuque @millersoto Estos hptas terroristas son el colmo del cinismo y el descaro, eso pasa cuando se les da impunidad a estos delincuentes"}, {"id": "1349549815458377728", "text": "@DanielSamperO Indignante que haya gente que le haga propaganda y viralice en redes a un delincuente.\ud83e\udd28"}, {"id": "1349549808231526403", "text": "@sanvalgo @MinSaludCol @IvanDuque Lo que la izquierda se preocupan es que el gobierno llegue a lograr darles las garant\u00edas a Pfizer \u00bfcuales ser\u00e1n esas garant\u00edas? @sanvalgo https://t.co/LalAJnDO1J"}, {"id": "1349549791345340422", "text": "@AlvaroUribeVel Aunque le duela a la izmierda reconocer."}, {"id": "1349549791118819328", "text": "@NicolasCGarcia2 @AlvaroUribeVel @CeDemocratico Que bellezura!!!! Ya comenzaron a promover la caridad.... y para cuando los reclamos al estado que suplen?\nA la pr\u00f3xima tiene que hacer una vaki para el salario m\u00ednimo"}, {"id": "1349549791114625025", "text": "@DanielSamperO As\u00ed es"}, {"id": "1349549770948407299", "text": "@Zuletalleras @IvanDuque \u00c9l es el \u00fanico que se cuida."}, {"id": "1349549764405243905", "text": "@DanielSamperO Eso ,ismo fue lo que se advirti\u00f3 antes del plebiscito. Que nunca dejar\u00edan las armas. Todav\u00eda hay pendejos que creen que los que est\u00e1n en el congreso son ajenos a los que est\u00e1n en el monte?"}, {"id": "1349549753093263360", "text": "No dizque ya estaban listas las vacunas \u00f1e\u00f1epresidente farolero e inepto @IvanDuque ?? https://t.co/bQFRlOJm9M"}, {"id": "1349549740237713408", "text": "Si del dinero de los impuestos se pagar\u00e1n los contratos de compra de las vacunas, tenemos derecho a saber en qu\u00e9 consisten y cu\u00e1nto se pagar\u00e1.\n\nY si incluyen o no las jeringas!\n\n@Fruizgomez @MinSaludCol @infopresidencia @IvanDuque \n\nCC\n@CGR_Colombia https://t.co/RnDUxVbCCd"}, {"id": "1349549736630611973", "text": "@millersoto @PGN_COL @SandraFARC @Sergio_FARC @IvanDuque Hay gente in\u00fatil y ud jaja"}, {"id": "1349549734768345089", "text": "@IvanDuque es un mentiroso compulsivo. Un triste y mediocre t\u00edtere bueno para nada, un narco presidente al servicio de las mafias que lo eligieron, un sirviente del hamp\u00f3n impune @AlvaroUribeVel. https://t.co/FY4JlH9WZT"}, {"id": "1349549721925406720", "text": "@JuanDie48483631 @Jairocofla @CRUZADANACIONA2 @orozco_angela @IvanDuque Amigo le est\u00e1 preguntando a los equivocados! Esos no le van a discutir nada al gobierno! Lo q hagan ser\u00e1 sofisma! Ah\u00ed no hay quien Pelle por los Transportadores ellos ayudaron en la campa\u00f1a y ah\u00ed los tienen como contraprestaci\u00f3n"}, {"id": "1349549709183094786", "text": "@TameMamers @petrogustavo S\u00edgueme y te sigo"}, {"id": "1349549707773812738", "text": "@millersoto @PGN_COL @SandraFARC @Sergio_FARC @IvanDuque Valientes como @millersoto es que se necesitan impulsar y apoyar para contener en  Colombia el mal llamado \"progresismo\", @CeDemocratico @AlvaroUribeVel   hay que apoyarlo e impulsarlo necesitamos un l\u00edder valiente y frentero como \u00e9l que nos representen a los Colombianos de bien"}], "meta": {"newest_id": "1349550956044759047", "oldest_id": "1349549707773812738", "result_count": 100, "next_token": "b26v89c19zqg8o3foshvhaj9bx1nbcmaikt0jsef7fx4t"}}