{"data": [{"id": "1349725172907925513", "text": "@PizarroMariaJo @IvanDuque Bueno si Duque dice que ya hay m\u00e1s de 40 millones de vacunas compradas, palabreadas o lo que sea, porque ahora le dice a los mandatarios locales que pueden adquirir vacunas por su cuenta. Aqu\u00ed las cifras no cuadran, entonces cu\u00e1nto es el censo poblacional de colombia?"}, {"id": "1349725167329681409", "text": "@jarizabaletaf De seguro el candidato es @petrogustavo ya saben de que lado est\u00e1n los que votan por est\u00e9 se\u00f1or."}, {"id": "1349725162372030464", "text": "@donborji @DanielSamperO Argentinos Junior Vs. Hurac\u00e1n, cuando repet\u00edan el f\u00fatbol argentino por canal 3 los viernes en la noche. Antes (creo) del telematch"}, {"id": "1349725160497008642", "text": "@JaderGuerra @petrogustavo Persona que no sabe lo que pasa en su pa\u00eds!!!. https://t.co/UWHsKjmVff"}, {"id": "1349725155841466370", "text": "@manolitosalazar @IvanDuque @RoyBarreras Manolito, del \u00e1rbol ca\u00eddo ,todos quieren hacer le\u00f1a."}, {"id": "1349725107543961607", "text": "@naturalpluss @BluRadioCo @petrogustavo @GustavoBolivar Entonces Iv\u00e1n Duque es cerdo?"}, {"id": "1349725094252261377", "text": "@verdolaga2323 @petrogustavo Mi cafuche , sobre todo el faro moral q representa la foto d su perfil \ud83d\ude01\ud83d\ude01\ud83e\udd23\ud83e\udd23"}, {"id": "1349725092637405188", "text": "@MauroToroO @DanielSamperO @IvanDuque @GustavoBolivar @CamaraColombia @elespectador @CathyJuvinao @PartidoVerdeCoL @ma_camiladiaz @WRadioColombia Ese hp @IvanDuque  no sabe de qu\u00e9 le hablan."}, {"id": "1349725085742063617", "text": "@carlosma89 @IvanDuque Le creo mas a d1 con su DESENGRASANTE.. QUE HPTA TAN BUENOOO..."}, {"id": "1349725068180373510", "text": "@EusebioLeal2 @yesid977 @alex_guaza @juliansolish @AlexLopezMaya @MarcelWorldd @IvanDuque @larepublica_co Entonces como \u201cpodr\u00eda valer 2 d\u00f3lares\u201d afirm\u00e1ndolo en CEO de la compa\u00f1\u00eda y los dem\u00e1s la pagan a maximo 5, sigamos defendiendo al gobierno que los paga a 21. \n\nhttps://t.co/5txMHDZOtm\n\nhttps://t.co/qY6F0Q5wwh"}, {"id": "1349725061800931329", "text": "@DanielSamperO @richizuluaga @leocharrisg Definir a personas como seguidores de lideres es irrespetuoso, aunque sea su concepto de la pol\u00edtica. No soy ni Uribista, ni Petrista, defiendo la vida, la dignidad, la paz, la democracia, el ambiente, la igualdad y la equidad, por eso  me declaro PROGRESISTA y votar\u00e9 por Petro."}, {"id": "1349725061717118977", "text": "@5juancho @DanielSamperO Es una Tingua que est\u00e1 en migraci\u00f3n,llame a estos n\u00fameros y pasan por ella https://t.co/JTRmrFViM0"}, {"id": "1349725050782560256", "text": "@AlexLopezMaya @IvanDuque \u00bfPacho santos no fue el super negociador que mando el gobierno?"}, {"id": "1349725048517615617", "text": "@AlexLopezMaya @IvanDuque En Reficar compraban la unidad de puntilla en $20.000..... Que cuando caiga el meteorito le apunt\u00e9 a este infierno tropical."}, {"id": "1349725041047572482", "text": "#Nacional \u279f El presidente de la Rep\u00fablica, @IvanDuque explic\u00f3 que un nuevo decreto establece el Aislamiento Selectivo con Distanciamiento Individual Responsable hasta el 28 de febrero de la mano con la emergencia sanitaria. https://t.co/9zMnSl4rIV"}, {"id": "1349725031782223872", "text": "@DanielSamperO De acuerdo, si Ivan M\u00e1rquez nos quiere hacer un favor, porque no sale y recomienda las columnas de @DanielSamperO"}, {"id": "1349725029202874375", "text": "@absurdo10 @PGN_COL @SandraFARC @Sergio_FARC @IvanDuque Es arrogante creerse con la facultad de conocer la motivaci\u00f3n de quien no conoces. Pero si eso te anima, es tu l\u00edo."}, {"id": "1349724996889931776", "text": "@DanielSamperO @richizuluaga @leocharrisg #NiUribeNiPetro carajo!"}, {"id": "1349724996885626883", "text": "@DanielSamperO @richizuluaga @leocharrisg Se pifio en esa parcero"}, {"id": "1349724992083292160", "text": "@CancinoAbog @petrogustavo @PartidoFARC @AlejandroChar El tinterillo del uribismo no defrauda.\nYa casi le llega la plata para el avi\u00f3n, como a De la Espriella."}, {"id": "1349724990292299776", "text": "@DanielSamperO @richizuluaga @leocharrisg Terrible que usted le siga haciendo eso al pa\u00eds. Como se iguala a un asesino como Uribe con un mal administrador? No es lo mismo y nunca lo ser\u00e1."}, {"id": "1349724980829773825", "text": "@jotatriada @Lindauer1991 @petrogustavo @RonaldMonteale4 @ndrescolombia @EngCamilo11 @Daniel_VM64 @maferpradorubio @amerikamillares @marmmau @DiegoBotNorrea @EsojSiul13 @Norfenini @ELJUANDACC @SheilaYi @Damadifri @Sinvaum @ArielAntiU @ConAlejo2 @merv59 @luisvarela888 @arfisica @Aemon3428 @caballicero1 @ProfeWalo @HENRIQUEAM_51 @francis20836451 @ZaparanPablo @oswaldiny2001 @CathyJubilao @frarojasa @EdisonGonzalez8 @091969 @ABONIEMNS @Profe_Mas @carandre9 @elsercastilloav Seguido, espero tu seguimiento de vuelta :)"}, {"id": "1349724974391693312", "text": "@CARLOSFMEJIA @RespetenElPais @AlvaroUribeVel Todav\u00eda usan esos montajes?... Claro, hay muchos que se comen el cuento"}, {"id": "1349724973372329985", "text": "@richizuluaga @DanielSamperO @leocharrisg Claro q el Uribismo se sataniza solo \ud83e\udd23\ud83e\udd23"}, {"id": "1349724968175759362", "text": "@ansiolitico_ @IvanDuque @COL_EJERCITO @ArmadaColombia Jajaja ombee @adrimeza_20 que tal esto \ud83e\udd14\ud83e\udd14\ud83e\udd14"}, {"id": "1349724950643392515", "text": "@AlvaroUribeVel Jajajajajajajaajaja Alvarito hpta eso est\u00e1 re embolatado por este lado y usted saben a decir semejante estupidez"}, {"id": "1349724941130756104", "text": "@AlirioUribeMuoz @IvanDuque @AntonioSanguino @AlexLopezMaya @angelamrobledo @AdrianaLucia @AidaAvellaE @Margaritarosadf @WRadioColombia @petrogustavo @PublimetroCol @lasillavacia HABLE CON SUS AMIGOS, A ELLOS ES QUE DEBE DECIRLES QUE NO ASESINEN M\u00c1S, NO AL PRESIDENTE! TIRAN LA PIEDRA Y ESCONDEN LA MANO! https://t.co/N9n3u6nEgr"}, {"id": "1349724934071840768", "text": "@AlexLopezMaya @c40906644 @IvanDuque Ese dato es cierto? Que descaro"}, {"id": "1349724921702842369", "text": "@xiaomistafan @JERobledo Es q nosotros los humanos normales,no podemos entender tanto como entienden los super inteligentes mamertos,q todo lo saben."}, {"id": "1349724915109228547", "text": "@AlexLopezMaya @IvanDuque Un atraco y un atracador"}, {"id": "1349724909161865216", "text": "@pulzo @IvanDuque Vamos por el exterminio de marquez"}, {"id": "1349724881638682624", "text": "@1974bogotano @millersoto @PGN_COL @SandraFARC @Sergio_FARC @IvanDuque Pues haga lo mismo y vaya y denuncie, sencillito no?."}, {"id": "1349724876614098946", "text": "@AlexLopezMaya @JulianEnriqueGo @IvanDuque Que hay gato encerrado"}, {"id": "1349724871283019778", "text": "@BluRadioCo La @FiscaliaCol est\u00e1 ratificando que @IvanDuque si es un cerdo"}, {"id": "1349724851116752900", "text": "@WRadioColombia @SenorCaicedo Y para cuando lo mismo en colombia para\n@AlvaroUribeVel \n@ernestosamperp \n@AndresPastrana_ \n@IvanDuque"}, {"id": "1349724851016265735", "text": "@AlvaroUribeVel Mira lo que encontr\u00e9... Un s\u00faper montaje \n#UribistaSigueUribista \n#UribeAcepte \n#paronacional\n#mamerto \n#SigamonosLosBuenos2020 https://t.co/rC9msLW4O9"}, {"id": "1349724849501978627", "text": "@LUISAM66046504 @IvanDuque @CorteSupremaJ Cuando nos van a vacunar y estamos en pleno pico.. ves la diferencia??"}, {"id": "1349724833622343680", "text": "@ElQueLosDELATA Me pasa igual con el honorable bandido e innombrable corrupto @AlvaroUribeVel, \u00e9l es un peligroso delincuente que anda disfrazado de pol\u00edtico. Debemos dejar los eufemismos y empezar a tratarlo como lo que siempre ha sido, un hpta bandido."}, {"id": "1349724829520261122", "text": "@richizuluaga @DanielSamperO @leocharrisg Si, mejor la pluralidad, pero sin satanizar a los dem\u00e1s. Las tercer\u00edas q se montan sobre demonizar a los otros terminan igual q los \u201cotros\u201d"}, {"id": "1349724822691958785", "text": "@natiibedoya Y la que derrocha @IvanDuque en sus emisiones todos los d\u00edas, la puede invertir en m\u00e1s camas UCI. Y medicamentos, salario para m\u00e9dicos y enfermeras. \nEsa habladera de paja todos los d\u00edas no nos sirve porque, no habla nada de servicio aqu\u00ed son los hechos palabrer\u00edas para que..?"}, {"id": "1349724818623459328", "text": "@EmiroVillegas @petrogustavo Claudia = Uribe, no se dejen enga\u00f1ar, el resultado ser\u00e1 el mismo."}, {"id": "1349724805344370691", "text": "@DanielSamperO @richizuluaga @leocharrisg \u00a1,Olvidate que vamos aceptar tu embutidos\u00a1\n@PoloDemocratico\n@sergio_fajardo \n@DCoronell \n@PartidoVerdeCoL \n@AProgresista_ https://t.co/Xzwy4A3hef"}, {"id": "1349724792262311938", "text": "@CARLOSFMEJIA @AlvaroUribeVel Pero de qu\u00e9 le facilit\u00f3 las pistas y colabor\u00f3 con ese \"emprendimiento\" si est\u00e1 m\u00e1s que comprobado, lo sabemos todos, hasta ustedes."}, {"id": "1349724783777349634", "text": "@JuanJos56268410 @petrogustavo @HOLLMANMORRIS El que nos deja sin vacuna es duque, solapado. Arrastrado... Si le pagan loka?"}, {"id": "1349724783630450688", "text": "@SARGENTOCHALA @petrogustavo Pues no se diga m\u00e1s sargento... sargento salve ud la patria !!!"}, {"id": "1349724782804279299", "text": "@Paticog69 @petrogustavo Ave Mar\u00eda jajaja de por dios"}, {"id": "1349724771605483520", "text": "@AlexLopezMaya @IvanDuque Super estos congresistas nuestros haciendo pol\u00edtica y nombre con la salud p\u00fablica y eso que son los \"buenos\" imag\u00ednese que no est\u00e1n haciendo los malos..."}, {"id": "1349724768061202433", "text": "@VickyDavilaH Excelente, Presidente @IvanDuque \n\ud83d\udc4f\ud83d\udc4f\ud83d\udc4f\ud83d\udc4f\ud83d\udc4f\ud83d\udc4f\ud83d\udc4f\ud83d\udc4f\ud83d\udc4f\ud83d\udc4f\ud83d\udc4f\ud83d\udc4f\ud83d\udc4f\nEste criminal tuvo la oportunidad d arrepentirse y cambiar su asquerosa vida y no lo hizo."}, {"id": "1349724767545245697", "text": "Que comodo expedir decretos de confinamiento, toques de queda y ley seca, sin tocar ni resolver los problemas de trabajo, ingreso y alimentaci\u00f3n de millones de personas que se ven afectadas.\n\n@IvanDuque @ClaudiaLopez @JorgeIvanOspina @QuinteroCalle"}, {"id": "1349724757600645121", "text": "El amargo juicio pol\u00edtico de Trump podr\u00eda empantanar los primeros d\u00edas de Biden https://t.co/kYBeNOcESB v\u00eda @corrillosr @JoeBiden @magnateUSA @infopresidencia @IvanDuque @AlvaroUribeVel @JuanManSantos @MAguilarHurtado @DidierTaveraA @RICHARDAGUILARV"}, {"id": "1349724754068996098", "text": "@milloricoj @jarizabaletaf Muy cierto, donde est\u00e1n las acciones de la justicia contra todos los c\u00f3mplices de este terrorista? Personajes tipo @RoyBarreras, @SandraFARC, @JERobledo, @IvanCepedaCast..."}, {"id": "1349724740756201478", "text": "@manuel_rodb @IvanDuque C\u00f3mo todo lo q intenta hacer @IvanDuque flojo, lleno de ret\u00f3rica, alejado de la realidad y falso. Eso pasa por poner a un payaso \ud83e\udd21"}, {"id": "1349724730144813057", "text": "@AlexLopezMaya @IvanDuque Definitavemente con esto queda mas evidenciado que este gobierno se ha aprovechado de la pandemia para fortalecer sus negocios ....no olvidemos la denuncia de los auxilios economicos que fueron girados a los muertos, los mismos que votaron por ellos."}, {"id": "1349724724914339842", "text": "@VickyDavilaH @IvanDuque es solo un payaso de entretenimiento como @VickyDavilaH carro\u00f1eros de likes pero sin ninguna inteligencia propia,son solo mu\u00f1equitos manejados por otro hp, como van las pocas horas que le quedan a la dictadura de @NicolasMaduro , hijueputas lameculos"}, {"id": "1349724721475158017", "text": "@mabegu500 @petrogustavo Amigo, yo no soy uribista, solo quiero que haya un pa\u00eds en paz y progreso"}, {"id": "1349724711694061572", "text": "@lorenzmurcia @AlvaroUribeVel Viva uribe nojoda"}, {"id": "1349724699127930880", "text": "@julianquintanat @RoyBarreras @IvanDuque que deje la bobada revocatorio no existe para presidentes,payaso"}, {"id": "1349724692739981312", "text": "@DanielSamperO @richizuluaga @leocharrisg Los q no proponen nada, q ganan con cara y no pierden con sello, q igual disfrutan de buena vida montados en la ola del neoliberalismo, q no han perdido nada, esos son los q creen q hay q cambiar pero no tanto, obvio, tienen miedo de perder los 3 pesos q les bota el sistema."}, {"id": "1349724688210079745", "text": "En general, oyendo hablar a @IvanDuque, uno sabe que \u00e9l no puede ser el autor intelectual de nada. https://t.co/6kGtBy0Wl3"}, {"id": "1349724683059552257", "text": "@sartan23 @petrogustavo La reconversi\u00f3n a energ\u00edas limpias es una tendencia mundial, no se lo invent\u00f3 el mequetrefe de Petro, esas innovaciones vendr\u00e1n y las adoptaremos de los pa\u00edses que hoy d\u00eda utilizan los combustibles f\u00f3siles para desarrollarlas."}, {"id": "1349724673609781249", "text": "@reyinaldpf77 @JCardenasRey @IvanDuque @COLECTIVOBUCAR1 @cesarfontecha @ELDENUNCIANTEo @EdgarSuarezG @GERMANTP @Ana_maria_VS @AbogCaicedo @Pedronilson_a @LaureanoTirado @timomojica1 Ese es el primero  al que  hay que  destituir!"}, {"id": "1349724668484345865", "text": "@LUISAM66046504 @IvanDuque @CorteSupremaJ Aquellas naciones de \"izquierda\" c\u00f3mo cuba que ya vacuno a su poblaci\u00f3n, o Rusia que ya est\u00e1 terminando la fase de vacunaci\u00f3n, o el mismo china que con su vacuna ya la mayor\u00eda de la poblaci\u00f3n est\u00e1 vacunada, han manejado muy bien la pandemia... En este pa\u00eds capitalista no sabemos"}, {"id": "1349724667938947074", "text": "@5juancho @DanielSamperO Muy f\u00e1cil ll\u00e9velo al humedal Juan amarillo u otro la suelta y listo es una tingua"}, {"id": "1349724666919751682", "text": "@SARGENTOCHALA @petrogustavo Sargento, los hay. M\u00e1s de lo que se cree.\nSe del descontento al interior."}, {"id": "1349724664659111936", "text": "@AurelioSuarez @ColombiaHumana_ @IvanDuque No se\u00f1or ese no es el problema, esto funciona en orden de pila, primero en comprar, primero en recibir. Las vacunas se distribuyen en lotes de producci\u00f3n, y en orden de compra. Si Colombia no ha comprado nada, no va a recibir nada"}, {"id": "1349724659206533120", "text": "@EusebioLeal2 @ing_angarita7 @yesid977 @alex_guaza @juliansolish @AlexLopezMaya @MarcelWorldd @IvanDuque @larepublica_co A usted le pagan por defender al desgobierno de Duque, al menos modere el lenguaje que es con dineros de nuestros impuestos que usted traga."}, {"id": "1349724657528696833", "text": "Aunque den de baja a N\u00e1rquez como a otros bandidos, nos quedan debiendo la investigaci\u00f3n, juzgamiento y castigo de la Farcpol\u00edtica.\n Sin identificar y castigar a los escondidos traidores a la Patria, la historia seguir\u00e1 repiti\u00e9ndose\n@IvanDuque https://t.co/5JkvmTqT6G"}, {"id": "1349724654190006272", "text": "@DanielSamperO @SenorCaicedo @petrogustavo Esto es similar al papel que cumple el aboganster Botija o letrina Granados . Siempre en defensa de la verdadera escoria o lumpen social .  Totalmente de acuerdo con usted @SenorCaicedo"}, {"id": "1349724651321237504", "text": "@trialismojurid2 @petrogustavo Que rabia que los gringos y Europeos sean los inventores de la Vacuna; esos que tanto odian los zurdos empobrecedores; esperen la vacuna Cubana o Rusa, cre\u00f3 que esas son gratis y sin patentes como su merced quiere."}, {"id": "1349724648653643778", "text": "@smilelalis @GustavoBolivar Jueputa gobierno de malparidos.... 21 D\u00f3lares la vacuna de Astrazeneca mientras a otros pa\u00edses a 4 d\u00f3lares... Hijueputas!!! @IvanDuque narcocerdo corrupto!!! Negocio o ineptitud?. https://t.co/gEL3OhkuSq"}, {"id": "1349724642194296833", "text": "@AlexLopezMaya @IvanDuque El negociador es un estupido ."}, {"id": "1349724642085400583", "text": "@manolitosalazar @IvanDuque @RoyBarreras @manolitosalazar que opina de un asesino como matarife proponiendo un cambio para salvar el pa\u00eds o es que eso s\u00ed tiene sentido para ud"}, {"id": "1349724637563916288", "text": "@donborji @DanielSamperO Atl\u00e9tico de mineiro vs selecci\u00f3n Colombia.\nQu\u00e9 goliada que nos metieron \ud83d\ude2c"}, {"id": "1349724630664310785", "text": "@DanielSamperO @richizuluaga @leocharrisg Para elegir, el requisito es ser ciudadano en ejercicio. Luego, por supuesto, la sensatez personal de estudiar, analizar, confrontar, filtrar y descartar, asuntos en que se meten los \"ismos\" para mentir, desinformar y dividir.\nNo es lo que soy, es en lo que quieren convertirnos."}, {"id": "1349724627384348673", "text": "@charoguerra @IvanDuque Una cosa es el programa y otra es su ejecuci\u00f3n. Quisiera saber c\u00f3mo va hoy el desarrollo del programa (Tan aplaudido en Davos Suiza) de la siembra de los 180 millones de \u00e1rboles que prometi\u00f3."}, {"id": "1349724614168092672", "text": "Aislamiento selectivo con restricci\u00f3n....... #DuqueInepto https://t.co/tRk8vqHPRz"}, {"id": "1349724600763109376", "text": "@IvanDuque @MinSaludCol @MinInterior Dictadorcito cite al senado y a la camara ya, el pais colapsado y Los senadores corruptos del centro democratico en vacaciones es el colmo...\n\nPara cuando la vacuna ???#cerdo https://t.co/q8phGBHq2l"}, {"id": "1349724588004016129", "text": "@millersoto @PGN_COL @SandraFARC @Sergio_FARC @IvanDuque \ud83d\udc4f\ud83d\udc4f\ud83d\udc4f bien hecho!!\nApoyo Total."}, {"id": "1349724583901843456", "text": "@jorgelora_ing @petrogustavo Pero es un gran avance..."}, {"id": "1349724574791815168", "text": "@DanielSamperO Todas las hicieron entre el nacimiento de ni\u00f1o Dios y la llegada del nuevo 2021 jajajaja son unos bellacos. Ajajaajajajjaja"}, {"id": "1349724551823949824", "text": "@jrossone @yoyanosoy @carleal85 @West01Santiago @pulzo @MJDuzan @AlvaroUribeVel La autodenominada \u201cmicrogerencia\u201d de sus concejos comunitarios -publicitarios no fue m\u00e1s que otro de sus embelecos populistas. Ese paisa es un embaucador de pendejos a punta de exacerbar las pasiones m\u00e1s primarias como el patrioterismo"}, {"id": "1349724551140286465", "text": "@HelmerTorres6 @AlexLopezMaya @yolandita2101 @IvanDuque Pues sus hijos son un claro ejemplo. Unos desagradecidos"}, {"id": "1349724548015513600", "text": "@diegolineros @petrogustavo Igual q el virus"}, {"id": "1349724536489402372", "text": "@JuanAcevedoGar1 @RanCarcris @petrogustavo @CorteSupremaJ Y el inepto,par\u00e1sito del Carrillo @PGN_COL tambi\u00e9n se hizo el pendejo y como en todo ese tiempo del cargo,NO HIZO NADA.SOLO COBRAR..."}, {"id": "1349724519552806915", "text": "@AndresFelArias @GustavoBolivar @PaolaHolguin Muy bien senadora @PaolaHolguin, ese es el \"odio del bien\" que a la izquierda caviar colombiana le encanta propagar. Ah\u00ed se les olvida la tal \"pol\u00edtica de la vida\" que @petrogustavo y sus Minions dicen defender. A prop\u00f3sito, por que ser\u00e1 que Tweeter no les cancela las cuentas?"}, {"id": "1349724516407267329", "text": "@miguelsarruf @petrogustavo @GustavoBolivar Jejejejeje\nEl eterno Vejestorio del Segundon Perdedor del petrocovid19\nAcompa\u00f1ado del Pendejo Lacayo del \"carevieja\" TACA\u00d1ON bolivar,\nEste Mal\u00e9fico d\u00fao Ni a la presidencia de la Junta del Conjunto quedan,\nEl petrocovid19 por mala paga y el otro por ser un supuesto plagio.\n\ud83d\ude44\ud83d\ude44\ud83d\ude44"}, {"id": "1349724502641537028", "text": "Ahora este trino tiene m\u00e1s sentido. Hait\u00ed y las Guayanas van a ser los \u00faltimos en recibir vacunas porque las van a tener gratis cuando est\u00e9n disponibles. Aqu\u00ed en cambio la clase a la que pertenece Daniel nos va a seguir robando como lo ha hecho siempre. https://t.co/RikwSV22tD"}, {"id": "1349724495251206146", "text": "@DanielSamperO @richizuluaga @leocharrisg El tal Zuluaga ademas de ser un grosero , mentalmente inestable, tambi\u00e9n es un facho \ud83d\udc47\ud83c\udffc\ud83d\udc47\ud83c\udffc https://t.co/QFBYR8jnyV"}, {"id": "1349724491388133376", "text": "@AlexLopezMaya @IvanDuque \u00bfAh\u00ed no le cabe una demanda a duque por mal manejo de recursos?\n\nNo puede ser posible que est\u00e9 gobierno todos los d\u00edas cometa impunidad tras impunidad y nosotros como si nada pasara.\n\n\u00bfHasta cu\u00e1ndo m\u00e1s nos tenemos que aguantar?"}, {"id": "1349724485084176386", "text": "@shanbautista @IvanDuque Jajajajaja"}, {"id": "1349724474988367876", "text": "@DanielSamperO @richizuluaga @leocharrisg Que se reporten los bisexuales y panxesual pol\u00edticos"}, {"id": "1349724471893045254", "text": "A partir de hoy preguntar\u00e9 todos los d\u00edas \n\nD\u00eda #2\n\n\u00bfY las vacunas? @IvanDuque"}, {"id": "1349724459566034949", "text": "@DanielSamperO @richizuluaga @leocharrisg Tanto que detesta a Uribe y a Petro, nombre nos uno que represente el sentimiento de un pueblo cansado de tanta corrupci\u00f3n y politiquer\u00eda"}, {"id": "1349724459108851712", "text": "@AlvaroUribeVel Uribe,recogiendo firmas !! https://t.co/dQrYZ5JDW5"}, {"id": "1349724448283189250", "text": "@CABLEPOLOMBIA @AUGUSTOOCAMPO @Betocoralg @ISAZULETA @AntonioGranoble @ElQueLosDELATA @migueldelrioabg @LUISEROLAVE @ColombiaHumana_ @petrogustavo @GustavoBolivar @aplastapayasos @DavidRacero @PizarroMariaJo Es Beto el que escribe y borra los mensajes?"}, {"id": "1349724446790090752", "text": "@JulinAsprilla2 @Jonatha34063453 @petrogustavo Vea malaparido . Ac\u00e1 las bestias son uds izquierdosos de mierda. Quisieran tener la la capacidad de generar desarollo y empresa de los Uribistas. MALPARIDOS muertos de hambre par\u00e1sitos sociales ignorantes"}, {"id": "1349724443317202947", "text": "@AndrsMonsalve @petrogustavo Y quien carajos eres tu para decidir sobre la vida de otros?\n\nQue rid\u00edculos estos Uribestias ahora se creen seres supremos!\n\n\ud83d\ude02\ud83d\ude02\ud83d\ude02\ud83d\ude02\ud83d\ude02"}, {"id": "1349724440934952962", "text": "@AlexLopezMaya @IvanDuque El CVY que llaman"}, {"id": "1349724421116862464", "text": "Presidente @IvanDuque arrancan las masacres, los asesinatos de l\u00edderes sociales y de reincorporados en el 2021, se requiere aplicar los instrumentos de protecci\u00f3n y garant\u00edas derivados de los acuerdos de Paz.\n#FelizJueves https://t.co/3doDFv2UAY"}, {"id": "1349724415945224192", "text": "@DanielSamperO @richizuluaga @leocharrisg Yooo. Prefiero votar en blanco. Lo que hay que hacer es limpiar el Congreso de tanta rata"}], "meta": {"newest_id": "1349725172907925513", "oldest_id": "1349724415945224192", "result_count": 100, "next_token": "b26v89c19zqg8o3foshvhes3u4grrq20xj22d2b89v7ul"}}